group	ISF	name	ISF of	isotope	super class (HMDB)	class (HMDB)	sub class (HMDB)	accession (HMDB)	name (HMDB)	core (LM)	main_class (LM)	sub_class (LM)	lm_id (LM)	name (LM)	abbrev (LM)	abbrev_chains (LM)	InChIKey	formula	adduct	feature_m/z	matching_peaks (median)	#lib_peaks (median)	peak_shape (median)	confidence level	Min. RT	Median RT	Max. RT	%detected	pos-blank-it1	pos-blank-it2	pos-blank-it3	pos-blank-it4	pos-blank-it5	pos-th-it1	pos-th-it2	pos-th-it3	pos-th-it4	pos-th-it5	RT_pos-blank-it1	RT_pos-blank-it2	RT_pos-blank-it3	RT_pos-blank-it4	RT_pos-blank-it5	RT_pos-th-it1	RT_pos-th-it2	RT_pos-th-it3	RT_pos-th-it4	RT_pos-th-it5	score_pos-blank-it1	score_pos-blank-it2	score_pos-blank-it3	score_pos-blank-it4	score_pos-blank-it5	score_pos-th-it1	score_pos-th-it2	score_pos-th-it3	score_pos-th-it4	score_pos-th-it5	mp_pos-blank-it1	mp_pos-blank-it2	mp_pos-blank-it3	mp_pos-blank-it4	mp_pos-blank-it5	mp_pos-th-it1	mp_pos-th-it2	mp_pos-th-it3	mp_pos-th-it4	mp_pos-th-it5	S/N_pos-blank-it1	S/N_pos-blank-it2	S/N_pos-blank-it3	S/N_pos-blank-it4	S/N_pos-blank-it5	S/N_pos-th-it1	S/N_pos-th-it2	S/N_pos-th-it3	S/N_pos-th-it4	S/N_pos-th-it5
1		"Choline M MSDIAL, Choline chloride M MSDIAL"			Organic nitrogen compounds	Organonitrogen compounds	Quaternary ammonium salts	HMDB0000097	Choline								OEYIOHPDSNJKLS-UHFFFAOYSA-N	C5H14NO	M	104.107	2	2	12	MSMS	1.23	1.23	1.23	0.1	124030.1										1.23										0.78										2										45.1									
2		DIETHANOLAMINE M+H MSDIAL			Organic nitrogen compounds	Organonitrogen compounds	Amines	HMDB0004437	Diethanolamine								ZBCBWPMODOFKDW-UHFFFAOYSA-N	C4H11NO2	M+H	106.0862	2	3	12	MSMS	1.43	1.43	1.43	0.1	88812.2										1.43										0.64										2										14.2									
3		Betaine M+H MSDIAL			Organic acids and derivatives	Carboxylic acids and derivatives	"Amino acids, peptides, and analogues"	HMDB0000043	Betaine								KWIUHFFTVRNATP-UHFFFAOYSA-N	C5H12NO2	M+H	118.0865	7	10	8	MSMS	21.67	21.67	21.67	0.1							21796.2										21.67										0.85										7										2.5			
4		Methylmalonic acid M+H HMDB			Organic acids and derivatives	Carboxylic acids and derivatives	Dicarboxylic acids and derivatives	HMDB0000202	Methylmalonic acid	Fatty Acyls [FA]	Fatty Acids and Conjugates [FA01]	Dicarboxylic acids [FA0117]	LMFA01170118	Methylmalonic acid	FA 4:1;O2		ZIYVHBGGAOATLY-UHFFFAOYSA-N	C4H6O4	M+H	119.0338	4	10	12	MSMS	1.75	1.75	1.75	0.1						59837.4										1.75										0.62										4										15				
5		Indoline M+H MSDIAL			Organoheterocyclic compounds	Indoles and derivatives	Indolines	HMDB0253472	Indoline								LPAGFVYQRIESJQ-UHFFFAOYSA-N	C8H9N	M+H	120.0808	1	1	6	MSMS	2.65	2.65	2.65	0.1						293869.9										2.65										0.55										1										6.6				
6		PHENYLETHANOLAMINE M-H2O+H MSDIAL			Organic nitrogen compounds	Organonitrogen compounds	Amines	HMDB0001065	2-Hydroxyphenethylamine								ULSIYEODSMZIPX-UHFFFAOYSA-N	C8H11NO	M-H2O+H	120.0808	3	7	12	MSMS	2.06	2.06	2.06	0.1						256056.3										2.06										0.7										3										19.5				
7		Tyramine M+H-NH3 MSDIAL			Benzenoids	Benzene and substituted derivatives	Phenethylamines	HMDB0000306	Tyramine								DZGWFCGJZKJUFP-UHFFFAOYSA-N	C8H11NO	M+H-NH3	121.0648	8	10	12	MSMS	4.97	4.97	4.97	0.1						128591.9										4.97										0.81										8										5.7				
8		"1,2,3-Trihydroxybenzene M+H HMDB"			Benzenoids	Phenols	Benzenetriols and derivatives	HMDB0013674	"1,2,3-Trihydroxybenzene"								WQGWDDDVZFFDIG-UHFFFAOYSA-N	C6H6O3	M+H	127.0392	3	7	12	MSMS	6.18	6.18	6.18	0.1							76822.5										6.18										0.66										3										6.7			
9		Pyroglutamic acid M+H MSDIAL			Organic acids and derivatives	Carboxylic acids and derivatives	"Amino acids, peptides, and analogues"	HMDB0000267	Pyroglutamic acid								ODHCTXKNWHHXJC-VKHMYHEASA-N	C5H7NO3	M+H	130.0499	2	4	12	MSMS	1.35	1.35	1.35	0.1								244520.9										1.35										0.71										2										17.9		
10		PIPECOLIC ACID M+H MSDIAL			Organic acids and derivatives	Carboxylic acids and derivatives	"Amino acids, peptides, and analogues"	HMDB0000070	Pipecolic acid								HXEACLLIILLPRG-UHFFFAOYSA-N	C6H11NO2	M+H	130.0861	8	10	12	MSMS	1.37	1.37	1.37	0.1						279705.9										1.37										0.91										8										69.5				
11		TRANS-CINNAMATE M-H2O+H MSDIAL			Phenylpropanoids and polyketides	Cinnamic acids and derivatives	Cinnamic acids	HMDB0000930	trans-Cinnamic acid								WBYWAXJHAXSJNI-VOTSOKGWSA-N	C9H8O2	M-H2O+H	131.0494	1	4	7	MSMS	5.38	5.38	5.38	0.1								44495.1										5.38										0.64										1										19.3		
12		N-ACETYLPUTRESCINE M+H MSDIAL			Organic acids and derivatives	Carboximidic acids and derivatives	Carboximidic acids	HMDB0002064	N-Acetylputrescine								KLZGKIDSEJWEDW-UHFFFAOYSA-N	C6H14N2O	M+H	131.1179	4	7	12	MSMS	1.34	1.34	1.34	0.1						344272.5										1.34										0.78										4										24.4				
13		cuminyl alcohol M+H-H2O MSDIAL			Lipids and lipid-like molecules	Prenol lipids	Monoterpenoids	HMDB0031817	Cuminyl alcohol								OIGWAXDAPKFNCQ-UHFFFAOYSA-N	C10H14O	M+H-H2O	133.101	5	9	12	MSMS	6.99	6.99	6.99	0.1						150783.5										6.99										0.62										5										15.8				
14		2-Phenylacetamide M+H HMDB			Benzenoids	Benzene and substituted derivatives	Phenylacetamides	HMDB0010715	2-Phenylacetamide								LSBDFXRDZJMBSC-UHFFFAOYSA-N	C8H9NO	M+H	136.076	2	5	11	MSMS	1.66	1.66	1.66	0.1							47071.8										1.66										0.56										2										23.8			
15		Limonene M+H FiehnHILIC			Lipids and lipid-like molecules	Prenol lipids	Monoterpenoids	HMDB0003375 --- HMDB0004321 --- HMDB0032473	(+)-Limonene --- (-)-Limonene --- Polylimonene	Prenol Lipids [PR]	Isoprenoids [PR01]	C10 isoprenoids (monoterpenes) [PR0102]	LMPR0102090002 --- LMPR0102090013	(+)-Limonene --- (-)-Limonene			XMGQYMWWDOXHJM-UHFFFAOYNA-N	C10H16	M+H	137.1324	2	2	8	MSMS	7.01	7.01	7.01	0.1									49286.3										7.01										0.55										2										14	
16		Tyramine M+H HMDB			Benzenoids	Benzene and substituted derivatives	Phenethylamines	HMDB0000306	Tyramine								DZGWFCGJZKJUFP-UHFFFAOYSA-N	C8H11NO	M+H	138.0913	6	10	12	MSMS	1.59	1.59	1.59	0.1						536943.1										1.59										0.89										6										1296.8				
17		Fumaric acid M+Na MSDIAL			Organic acids and derivatives	Carboxylic acids and derivatives	Dicarboxylic acids and derivatives	HMDB0000134	Fumaric acid								VZCYOOQTPOCHFL-OWOJBTEDSA-N	C4H4O4	M+Na	139.0027	3	8	12	MSMS	1.61	1.61	1.61	0.1						204196.3										1.61										0.67										3										13.1				
18		Salicylic acid M+H MSDIAL			Benzenoids	Benzene and substituted derivatives	Benzoic acids and derivatives	HMDB0001895	Salicylic acid								YGSDEFSMJLZEOE-UHFFFAOYSA-N	C7H6O3	M+H	139.0385	5	10	9	MSMS	2.1	2.1	2.1	0.1								21358.1										2.1										0.67										5										15.7		
19		Salicylic acid M+H HMDB			Benzenoids	Benzene and substituted derivatives	Benzoic acids and derivatives	HMDB0001895	Salicylic acid								YGSDEFSMJLZEOE-UHFFFAOYSA-N	C7H6O3	M+H	139.0391	3	8	12	MSMS	5.19	5.19	5.19	0.1						229001.6										5.19										0.68										3										17.3				
20		Benzoic acid M+Na MSDIAL			Benzenoids	Benzene and substituted derivatives	Benzoic acids and derivatives	HMDB0001870	Benzoic acid								WPYMKLBDIGXBTP-UHFFFAOYSA-N	C7H6O2	M+Na	145.0284	1	1	12	MSMS	5.95	5.95	5.95	0.1							116307.5										5.95										0.89										1										27.9			
21		Spermidine M+H HMDB			Organic nitrogen compounds	Organonitrogen compounds	Amines	HMDB0001257	Spermidine								ATHGHQPFGPMSJY-UHFFFAOYSA-N	C7H19N3	M+H	146.165	5	10	12	MSMS	1.13	1.13	1.13	0.1						205647.3										1.13										0.88										5										316.4				
22		"Coumaric acid (isomer of 189, 194) M+H-H2O MSDIAL"			Phenylpropanoids and polyketides	Cinnamic acids and derivatives	Hydroxycinnamic acids and derivatives	HMDB0002035 --- HMDB0030677	4-Hydroxycinnamic acid --- cis-p-Coumaric acid								NGSWKAQJJWESNS-UHFFFAOYSA-N	C9H8O3	M+H-H2O	147.0438	4	5	8	MSMS	6.35	6.35	6.35	0.1										38275.5										6.35										0.68										4										4.6
23		Coumarin M+H HMDB			Phenylpropanoids and polyketides	Coumarins and derivatives		HMDB0001218	Coumarin								ZYGHJZDHTFUPRJ-UHFFFAOYSA-N	C9H6O2	M+H	147.0439	3	10	12	MSMS	7.22	7.22	7.22	0.1									86082.6										7.22										0.69										3										16.7	
24		"Coumaric acid (isomer of 189, 194) M+H-H2O MSDIAL"			Phenylpropanoids and polyketides	Cinnamic acids and derivatives	Hydroxycinnamic acids and derivatives	HMDB0002035 --- HMDB0030677	4-Hydroxycinnamic acid --- cis-p-Coumaric acid								NGSWKAQJJWESNS-UHFFFAOYSA-N	C9H8O3	M+H-H2O	147.0442	4	5	12	MSMS	5.52	5.52	5.52	0.1						880494.9										5.52										0.72										4										29.4				
25		"Coumaric acid (isomer of 189, 194) M+H-H2O MSDIAL"			Phenylpropanoids and polyketides	Cinnamic acids and derivatives	Hydroxycinnamic acids and derivatives	HMDB0002035 --- HMDB0030677	4-Hydroxycinnamic acid --- cis-p-Coumaric acid								NGSWKAQJJWESNS-UHFFFAOYSA-N	C9H8O3	M+H-H2O	147.0443	4	5	12	MSMS	14.2	14.2	14.2	0.1						36716.6										14.2										0.69										4										102.5				
26		Glutamine M+H FiehnHILIC			Organic acids and derivatives	Carboxylic acids and derivatives	"Amino acids, peptides, and analogues"	HMDB0000641 --- HMDB0003423	D-Glutamine --- L-Glutamine								ZDXPYRJPNDTMRX-UHFFFAOYNA-N	C5H10N2O3	M+H	147.0766	7	10	12	MSMS	1.35	1.35	1.35	0.1									358950.3										1.35										0.81										7										78.9	
27		Glutamic acid; LC-ESI-QTOF; MS2; CE M+H MassBank			Organic acids and derivatives	Carboxylic acids and derivatives	"Amino acids, peptides, and analogues"	HMDB0000148 --- HMDB0003339 --- HMDB0060475	D-Glutamic acid --- DL-Glutamate --- L-Glutamic acid								WHUUTDBJXJRKMK-UHFFFAOYNA-N	C5H9NO4	M+H	148.0604	3	5	12	MSMS	1.26	1.26	1.26	0.1	32414.8										1.26										0.81										3										17.1									
28		Phthalic anhydride M+H HMDB			Organoheterocyclic compounds	Benzofurans	Benzofuranones	HMDB0256501	Phthalic anhydride								LGRFSURHDFAFJT-UHFFFAOYSA-N	C8H4O3	M+H	149.0233	2	5	12	MSMS	17.44	17.44	17.44	0.1	226094										17.44										0.53										2										18.1									
29		Phentermine M+H MSDIAL			Benzenoids	Benzene and substituted derivatives	Phenethylamines	HMDB0014337	Phentermine								DHHVAGZRUROJKS-UHFFFAOYSA-N	C10H15N	M+H	150.1125	9	10	12	MSMS	1.43	1.43	1.43	0.1	82010.7										1.43										0.88										9										14.2									
30		1-(4-methoxyphenyl)ethanone M+H MSDIAL			Organic oxygen compounds	Organooxygen compounds	Carbonyl compounds	HMDB0032570	4'-Methoxyacetophenone								NTPLXRHDUXRPNE-UHFFFAOYSA-N	C9H10O2	M+H	151.0755	1	1	12	MSMS	7.28	7.28	7.28	0.1						108951.7										7.28										0.52										1										41.9				
31		2-hydroxybenzothiazole M+H MSDIAL			Organoheterocyclic compounds	Benzothiazoles		HMDB0249030	2(3H)-Benzothiazolone								YEDUAINPPJYDJZ-UHFFFAOYSA-N	C7H5NOS	M+H	152.0164	10	10	12	MSMS	8.81	8.81	8.81	0.1	33260.6										8.81										0.87										10										8176.1									
32		Xanthine M+H HMDB			Organoheterocyclic compounds	Imidazopyrimidines	Purines and purine derivatives	HMDB0000292	Xanthine								LRFVTYWOQMYALW-UHFFFAOYSA-N	C5H4N4O2	M+H	153.0409	1	1	12	MSMS	1.63	1.63	1.63	0.1							43532.3										1.63										0.68										1										13495			
33		10-HYDROXYDECANOATE M-2H2O+H MSDIAL			Organic acids and derivatives	Hydroxy acids and derivatives	Medium-chain hydroxy acids and derivatives	HMDB0244272	10-Hydroxydecanoic acid	Fatty Acyls [FA]	Fatty Acids and Conjugates [FA01]	Hydroxy fatty acids [FA0105]	LMFA01050033	10-hydroxy capric acid	FA 10:0;O		YJCJVMMDTBEITC-UHFFFAOYSA-N	C10H20O3	M-2H2O+H	153.1275	5	10	10	MSMS	6.71	6.71	6.71	0.1						124400.8										6.71										0.5										5										2.9				
34		"""2,3-DIHYDROXYBENZOATE"" M+H MSDIAL"			Benzenoids	Benzene and substituted derivatives	Benzoic acids and derivatives	HMDB0000397	2-Pyrocatechuic acid								GLDQAMYCGOIJDV-UHFFFAOYSA-N	C7H6O4	M+H	155.0339	5	10	12	MSMS	4.88	4.88	4.88	0.1						135076.2										4.88										0.77										5										6.2				
35		"""2,3-DIHYDROXYBENZOATE"" M+H MSDIAL"			Benzenoids	Benzene and substituted derivatives	Benzoic acids and derivatives	HMDB0000397	2-Pyrocatechuic acid								GLDQAMYCGOIJDV-UHFFFAOYSA-N	C7H6O4	M+H	155.0341	8	10	11	MSMS	5.43	5.43	5.43	0.1							46530.1										5.43										0.83										8										24			
36		"Aconitic acid (not validated, isomer of 273) M+H-H2O MSDIAL"			Organic acids and derivatives	Carboxylic acids and derivatives	Tricarboxylic acids and derivatives	HMDB0247961	Aconitic acid								GTZCVFVGUGFEME-UHFFFAOYSA-N	C6H6O6	M+H-H2O	157.0144	4	6	12	MSMS	1.54	1.54	1.54	0.1						272086.8										1.54										0.82										4										35.3				
37		CAFFEATE M-H2O+H MSDIAL			Phenylpropanoids and polyketides	Cinnamic acids and derivatives	Hydroxycinnamic acids and derivatives	HMDB0003501	cis-Caffeic acid								QAIPRVGONGVQAS-RQOWECAXSA-N	C9H8O4	M-H2O+H	163.0389	6	9	12	MSMS	6.46	6.46	6.46	0.1						879449.1										6.46										0.77										6										13.2				
38		Rosmarinic acid (not validated) M+H-C9H10O5 MSDIAL			Phenylpropanoids and polyketides	Cinnamic acids and derivatives	Hydroxycinnamic acids and derivatives	HMDB0257311	Rosmarinate								DOUMFZQKYFQNTF-UHFFFAOYSA-N	C18H16O8	M+H-C9H10O5	163.039	6	8	5	MSMS	6	6	6	0.1						197328.5										6										0.76										6										2.4				
39		Rosmarinic acid (not validated) M+H-C9H10O5 MSDIAL			Phenylpropanoids and polyketides	Cinnamic acids and derivatives	Hydroxycinnamic acids and derivatives	HMDB0257311	Rosmarinate								DOUMFZQKYFQNTF-UHFFFAOYSA-N	C18H16O8	M+H-C9H10O5	163.0391	6	8	12	MSMS	7.24	7.24	7.24	0.1						2198551.8										7.24										0.78										6										8.7				
40		CAFFEATE M-H2O+H MSDIAL			Phenylpropanoids and polyketides	Cinnamic acids and derivatives	Hydroxycinnamic acids and derivatives	HMDB0003501	cis-Caffeic acid								QAIPRVGONGVQAS-RQOWECAXSA-N	C9H8O4	M-H2O+H	163.0391	5	9	12	MSMS	8.23	8.23	8.23	0.1	83879.1										8.23										0.81										5										39.8									
41		Valerophenone M+H MSDIAL			Organic oxygen compounds	Organooxygen compounds	Carbonyl compounds	HMDB0031208	1-Phenyl-1-pentanone								XKGLSKVNOSHTAD-UHFFFAOYSA-N	C11H14O	M+H	163.1118	3	6	11	MSMS	11	11	11	0.1	24436										11										0.52										3										18.5									
42		3-Hydroxycinnamic acid M+H MSDIAL			Phenylpropanoids and polyketides	Cinnamic acids and derivatives	Hydroxycinnamic acids and derivatives	HMDB0001713	m-Coumaric acid								KKSDGJDHHZEWEP-UHFFFAOYSA-N	C9H8O3	M+H	165.0545	2	6	11	MSMS	5.55	5.55	5.55	0.1							72681.3										5.55										0.73										2										13.5			
43		2-Phenylbutyric acid M+H HMDB			Benzenoids	Benzene and substituted derivatives	Phenylpropanes	HMDB0000329	2-Phenylbutyric acid								OFJWFSNDPCAWDK-UHFFFAOYSA-N	C10H12O2	M+H	165.0912	2	3	12	MSMS	7.83	7.83	7.83	0.1										22591.4										7.83										0.53										2										6
44		L-Phenylalanine M+H HMDB			Organic acids and derivatives	Carboxylic acids and derivatives	"Amino acids, peptides, and analogues"	HMDB0000159	L-Phenylalanine								COLNVLDHVKWLRT-QMMMGPOBSA-N	C9H11NO2	M+H	166.0864	5	6	12	MSMS	2.06	2.06	2.06	0.1						1365688.6										2.06										0.95										5										22.9				
45		2(3H)-Benzothiazolethione M+H HMDB			Organoheterocyclic compounds	Benzothiazoles		HMDB0030524	2(3H)-Benzothiazolethione								YXIWHUQXZSMYRE-UHFFFAOYSA-N	C7H5NS2	M+H	167.9936	5	10	12	MSMS	10	10	10	0.1	24867.7										10										0.57										5										31.9									
46		vanillic acid M+H MSDIAL			Benzenoids	Benzene and substituted derivatives	Benzoic acids and derivatives	HMDB0000484	Vanillic acid								WKOLLVMJNQIZCI-UHFFFAOYSA-N	C8H8O4	M+H	169.0494	2	3	7	MSMS	2.12	2.12	2.12	0.1									25165										2.12										0.52										2										7.5	
47		Pyridoxine M+H HMDB			Organoheterocyclic compounds	Pyridines and derivatives	Pyridoxines	HMDB0000239	Pyridoxine								LXNHXLLTXMVWPM-UHFFFAOYSA-N	C8H11NO3	M+H	170.0816	3	5	10	MSMS	1.36	1.36	1.36	0.1							60506.1										1.36										0.78										3										18793.4			
48		gamma-Decalactone M+H MSDIAL			Organoheterocyclic compounds	Lactones	Gamma butyrolactones	HMDB0037217	xi-5-Hexyldihydro-2(3H)-furanone								IFYYFLINQYPWGJ-UHFFFAOYSA-N	C10H18O2	M+H	171.138	6	10	12	MSMS	7.5	7.5	7.5	0.1										47825.1										7.5										0.54										6										17
49		N-Acetyl-ornithine; CE30; JRLGPAXAGHMNOL-LURJTMIESA-N M+H MSDIAL			Organic acids and derivatives	Carboxylic acids and derivatives	"Amino acids, peptides, and analogues"	HMDB0003357	N2-Acetylornithine								JRLGPAXAGHMNOL-LURJTMIESA-N	C7H14N2O3	M+H	175.1077	1	10	12	MSMS	1.35	1.35	1.35	0.1						560296.2										1.35										0.66										1										30.5				
50		FERULATE M-H2O+H MSDIAL			Phenylpropanoids and polyketides	Cinnamic acids and derivatives	Hydroxycinnamic acids and derivatives	HMDB0000954	Ferulic acid								KSEBMYQBYZTDHS-HWKANZROSA-N	C10H10O4	M-H2O+H	177.0544	5	8	12	MSMS	7.54	7.54	7.54	0.1						157724.5										7.54										0.73										5										8.2				
51		FERULATE M-H2O+H MSDIAL			Phenylpropanoids and polyketides	Cinnamic acids and derivatives	Hydroxycinnamic acids and derivatives	HMDB0000954	Ferulic acid								KSEBMYQBYZTDHS-HWKANZROSA-N	C10H10O4	M-H2O+H	177.0546	3	8	12	MSMS	8.13	8.13	8.13	0.1						168661.4										8.13										0.78										3										188				
52		trans-Ferulic acid; [M+H-H2O]+; CE30; KSEBMYQBYZTDHS-HWKANZROSA-N M+H-H2O MSDIAL			Phenylpropanoids and polyketides	Cinnamic acids and derivatives	Hydroxycinnamic acids and derivatives	HMDB0000954	Ferulic acid								KSEBMYQBYZTDHS-HWKANZROSA-N	C10H10O4	M+H-H2O	177.0549	9	10	12	MSMS	5.92	5.92	5.92	0.1						4588944										5.92										0.89										9										86.8				
52	*	ISF of (trans-Ferulic acid; [M+H-H2O]+; CE30; KSEBMYQBYZTDHS-HWKANZROSA-N M+H-H2O MSDIAL)																		149.0599	4		12	MS1	5.92	5.92	5.92	0.1						110473.8										5.92										0.8										4										15.6				
53		trans-Ferulic acid; [M+H-H2O]+; CE30; KSEBMYQBYZTDHS-HWKANZROSA-N M+H-H2O MSDIAL			Phenylpropanoids and polyketides	Cinnamic acids and derivatives	Hydroxycinnamic acids and derivatives	HMDB0000954	Ferulic acid								KSEBMYQBYZTDHS-HWKANZROSA-N	C10H10O4	M+H-H2O	177.0549	4	10	12	MSMS	9.17	9.17	9.17	0.1						489288.6										9.17										0.68										4										14.2				
54		5-Phenylvaleric acid M+H HMDB			Lipids and lipid-like molecules	Fatty Acyls	Fatty acids and conjugates	HMDB0002043	5-Phenylvaleric acid								BYHDDXPKOZIZRV-UHFFFAOYSA-N	C11H14O2	M+H	179.1068	2	10	12	MSMS	13.25	13.25	13.25	0.1	22151.2										13.25										0.55										2										11.2									
55		Triglyme M+H MSDIAL															YFNKIDBQEZZDLK-UHFFFAOYSA-N	C8H18O4	M+H	179.1278	1	3	8	MSMS	4.92	4.92	4.92	0.1								49332.6										4.92										0.6										1										75.5		
56		Caffeic acid M+H MSDIAL			Phenylpropanoids and polyketides	Cinnamic acids and derivatives	Hydroxycinnamic acids and derivatives	HMDB0001964	Caffeic acid								QAIPRVGONGVQAS-DUXPYHPUSA-N	C9H8O4	M+H	181.0496	6	10	7	MSMS	8.24	8.24	8.24	0.1						1063945.6										8.24										0.77										6										14.7				
56	*	ISF of (Caffeic acid M+H MSDIAL)																		135.0441	4		12	MS1	8.22	8.22	8.22	0.1						811494.1										8.22										0.62										4										24.2				
57		Caffeic acid M+H MSDIAL			Phenylpropanoids and polyketides	Cinnamic acids and derivatives	Hydroxycinnamic acids and derivatives	HMDB0001964	Caffeic acid								QAIPRVGONGVQAS-DUXPYHPUSA-N	C9H8O4	M+H	181.0497	8	10	9	MSMS	9.41	9.41	9.41	0.1						141935.6										9.41										0.72										8										6.6				
58		Prednisolone M+2H MSDIAL			Lipids and lipid-like molecules	Steroids and steroid derivatives	Hydroxysteroids	HMDB0014998	Prednisolone	Sterols [ST]	Steroids [ST02]	"C21 steroids (gluco/mineralocorticoids, progestogins) and derivatives [ST0203]"	LMST02030179	prednisolone	ST 21:4;O5		OIGNJSKKLXVSLS-VWUMJDOOSA-N	C21H28O5	M+2H	181.1017	4	10	12	MSMS	20.95	20.95	20.95	0.1							264517.4										20.95										0.85										4										149.4			
59		L-Tyrosine M+H MSDIAL			Organic acids and derivatives	Carboxylic acids and derivatives	"Amino acids, peptides, and analogues"	HMDB0000158	L-Tyrosine								OUYCCCASQSFEME-QMMMGPOBSA-N	C9H11NO3	M+H	182.0813	6	10	12	MSMS	1.61	1.61	1.61	0.1						714413.5										1.61										0.78										6										1048.8				
60		PHOSPHOCHOLINE CHLORIDE M+H MSDIAL															PYJNAPOPMIJKJZ-UHFFFAOYSA-N	C5H15ClNO4P	M+H	184.0732	6	10	8	MSMS	1.34	1.34	1.34	0.1										64828.6										1.34										0.67										6										20
61		Angelicin M+H MSDIAL			Phenylpropanoids and polyketides	Coumarins and derivatives	Furanocoumarins	HMDB0033930	Angelicin								XDROKJSWHURZGO-UHFFFAOYSA-N	C11H6O3	M+H	187.0401	3	6	6	MSMS	7.09	7.09	7.09	0.1										67325.7										7.09										0.65										3										19.2
62		N6-Acetyl-L-lysine; CE30; DTERQYGMUDWYAZ-ZETCQYMHSA-N M+H MSDIAL			Organic acids and derivatives	Carboxylic acids and derivatives	"Amino acids, peptides, and analogues"	HMDB0000206	N6-Acetyl-L-lysine								DTERQYGMUDWYAZ-ZETCQYMHSA-N	C8H16N2O3	M+H	189.1246	3	4	12	MSMS	1.36	1.36	1.36	0.1							90126.9										1.36										0.58										3										107.7			
63		Kynurenic acid M+H MSDIAL			Organoheterocyclic compounds	Quinolines and derivatives	Quinoline carboxylic acids	HMDB0000715	Kynurenic acid								HCZHHEIFKROPDY-UHFFFAOYSA-N	C10H7NO3	M+H	190.0502	10	10	12	MSMS	5.22	5.22	5.22	0.1						345554.2										5.22										0.76										10										76.5				
64		Diethyltoluamide M+H HMDB			Benzenoids	Benzene and substituted derivatives	Toluenes	HMDB0250930	Diethyltoluamide								MMOXZBCLCQITDF-UHFFFAOYSA-N	C12H17NO	M+H	192.1382	1	6	12	MSMS	11.57	11.57	11.57	0.1		13877.9										11.57										0.67										1										26.2								
65		trans-Ferulic acid M+H MSDIAL			Phenylpropanoids and polyketides	Cinnamic acids and derivatives	Hydroxycinnamic acids and derivatives	HMDB0000954	Ferulic acid								KSEBMYQBYZTDHS-HWKANZROSA-N	C10H10O4	M+H	195.065	1	2	12	MSMS	17.71	17.71	17.71	0.1						31314.7										17.71										0.61										1										30.5				
66		(2E)-3-(4-hydroxy-3-methoxyphenyl)-2-propenoic acid M+H MSDIAL			Phenylpropanoids and polyketides	Cinnamic acids and derivatives	Hydroxycinnamic acids and derivatives	HMDB0000954	Ferulic acid								KSEBMYQBYZTDHS-HWKANZROSA-N	C10H10O4	M+H	195.0651	1	1	12	MSMS	8.14	8.14	8.14	0.1									41857.8										8.14										0.56										1										11199.3	
67		Ferulic acid M+H MSDIAL			Phenylpropanoids and polyketides	Cinnamic acids and derivatives	Hydroxycinnamic acids and derivatives	HMDB0000954 --- HMDB0240705	Ferulic acid --- cis-Ferulic acid								KSEBMYQBYZTDHS-UHFFFAOYSA-N	C10H10O4	M+H	195.0652	5	10	12	MSMS	5.95	5.95	5.95	0.1						149973.7										5.95										0.79										5										31.1				
67	*	ISF of (Ferulic acid M+H MSDIAL)																		149.0599	3		12	MS1	5.92	5.92	5.92	0.1						110473.8										5.92										0.79										3										15.6				
68		Prespatane M+H MSDIAL															KZVOHANKAKKFOK-MTWVNVMRSA-N	C15H24	M+H	205.1951	10	10	12	MSMS	21.06	21.06	21.06	0.1						210146.4										21.06										0.94										10										8.4				
69		Prespatane M+H MSDIAL															KZVOHANKAKKFOK-MTWVNVMRSA-N	C15H24	M+H	205.1953	10	10	12	MSMS	18.56	18.56	18.56	0.1						2907304.5										18.56										0.87										10										44.3				
70		Prespatane M+H MSDIAL															KZVOHANKAKKFOK-MTWVNVMRSA-N	C15H24	M+H	205.1956	10	10	7	MSMS	18.01	18.01	18.01	0.1						20559354										18.01										0.88										10										67.2				
71		delta-Tridecalactone M+H MSDIAL															RZZLMGATMUAJPX-UHFFFAOYSA-N	C13H24O2	M+H	213.1848	4	10	7	MSMS	12.67	12.67	12.67	0.1		19496										12.67										0.54										4										9.3								
72		"NCGC00179861-02_C15H26O2_1,8-Azulenediol, 1,2,3,3a,4,7,8,8a-octahydro-3a,6-dimethyl-1-(1-methylethyl)-, (1R,3aR,8S,8aS)- M-H2O+H MSDIAL"															SUAPQGLGNKUSLY-LJISPDSOSA-N	C15H26O2	M-H2O+H	221.1899	5	10	12	MSMS	10.7	10.7	10.7	0.1						246733.9										10.7										0.57										5										9.2				
73		"(1R,4R,6R,10S)-4,12,12-trimethyl-9-methylene-5-oxatricyclo[8.2.0.0~4,6~]dodecane M+H MSDIAL"			Lipids and lipid-like molecules	Prenol lipids	Sesquiterpenoids	HMDB0036789	Caryophyllene alpha-oxide								NVEQFIOZRFFVFW-GUIRCDHDSA-N	C15H24O	M+H	221.19	3	5	12	MSMS	8.36	8.36	8.36	0.1							78534.8										8.36										0.55										3										12.8			
74		"(1R,4R,6R,10S)-4,12,12-trimethyl-9-methylene-5-oxatricyclo[8.2.0.0~4,6~]dodecane M+H MSDIAL"			Lipids and lipid-like molecules	Prenol lipids	Sesquiterpenoids	HMDB0036789	Caryophyllene alpha-oxide								NVEQFIOZRFFVFW-GUIRCDHDSA-N	C15H24O	M+H	221.1903	5	10	12	MSMS	13.14	13.14	13.14	0.1						55780.5										13.14										0.53										5										20.3				
75		Diethyl-phthalate M+H MSDIAL			Benzenoids	Benzene and substituted derivatives	Benzoic acids and derivatives	HMDB0094660	Diethyl phthalic acid								FLKPEMZONWLCSK-UHFFFAOYSA-N	C12H14O4	M+H	223.0964	2	2	12	MSMS	12.97	12.97	12.97	0.1		19478.9										12.97										0.9										2										11.5								
76		Sinapic acid M+H MSDIAL			Phenylpropanoids and polyketides	Cinnamic acids and derivatives	Hydroxycinnamic acids and derivatives	HMDB0032616	Sinapic acid								PCMORTLOPMLEFB-ONEGZZNKSA-N	C11H12O5	M+H	225.0759	6	10	12	MSMS	5.57	5.57	5.57	0.1						152047.4										5.57										0.69										6										34.4				
77		"N,N-Dimethyldodecylamine N-oxide M+H MSDIAL"															SYELZBGXAIXKHU-UHFFFAOYSA-N	C14H31NO	M+H	230.2475	2	5	12	MSMS	12.4	12.4	12.4	0.1	188669										12.4										0.52										2										46.5									
78		Aspergillusenes A M+H MSDIAL															NWPUHDAIOGMKFI-WUXMJOGZSA-N	C15H22O2	M+H	235.1693	6	10	12	MSMS	16.27	16.27	16.27	0.1	51464.4										16.27										0.67										6										24									
79		(-)-Curcumol M+H MSDIAL			Organic oxygen compounds	Organooxygen compounds	Carbonyl compounds	HMDB0038122	Curcumol								QRMPRVXWPCLVNI-YYFQZIEXSA-N	C15H24O2	M+H	237.1847	3	10	12	MSMS	22.63	22.63	22.63	0.1						44224.8										22.63										0.6										3										10.3				
80		alpha-santonin M+H MSDIAL			Lipids and lipid-like molecules	Prenol lipids	Terpene lactones	HMDB0302518	Sesquiterpenes	Prenol Lipids [PR]	Isoprenoids [PR01]	C15 isoprenoids (sesquiterpenes) [PR0103]	LMPR0103190001 --- LMPR0103190004	alpha-Santonin --- beta-Santonin			XJHDMGJURBVLLE-YWGZHDIYSA-N	C15H18O3	M+H	247.1288	1	1	7	MSMS	1.67	1.67	1.67	0.1										27664.3										1.67										0.68										1										14.7
81		alpha-Santonin M+H MSDIAL								Prenol Lipids [PR]	Isoprenoids [PR01]	C15 isoprenoids (sesquiterpenes) [PR0103]	LMPR0103190001	alpha-Santonin			XJHDMGJURBVLLE-BOCCBSBMSA-N	C15H18O3	M+H	247.1329	3	4	12	MSMS	7.51	7.51	7.51	0.1							87318.9										7.51										0.57										3										28.3			
82		Glucose-1-phosphate M+H FiehnHILIC			Organic oxygen compounds	Organooxygen compounds	Carbohydrates and carbohydrate conjugates	HMDB0000645 --- HMDB0000994 --- HMDB0001586 --- HMDB0006330 --- HMDB0249121	D-Mannose 1-phosphate --- Dolichyl phosphate D-mannose --- Galactose 1-phosphate --- Glucose 1-phosphate --- beta-D-Glucose 1-phosphate								HXXFSFRBOHSIMQ-UHFFFAOYNA-N	C6H13O9P	M+H	261.037	6	10	12	MSMS	1.34	1.34	1.34	0.1						207199.6										1.34										0.83										6										42.8				
83		9-hydroxyparthenolide M+H MSDIAL															RZUCCKARTVHQBW-CVZYAWEWSA-N	C15H20O4	M+H	265.1441	1	1	10	MSMS	5.27	5.27	5.27	0.1							29951.5										5.27										0.51										1										12.4			
84		Tri-isobutylphosphate M+H MSDIAL															HRKAMJBPFPHCSD-UHFFFAOYSA-N	C12H27O4P	M+H	267.1715	3	9	12	MSMS	16.01	16.01	16.01	0.1	33875.6										16.01										0.7										3										4.7									
85		Diisobutyl phthalate M+H HMDB			Benzenoids	Benzene and substituted derivatives	Benzoic acids and derivatives	HMDB0013835	Diisobutyl phthalate								MGWAVDBGNNKXQV-UHFFFAOYSA-N	C16H22O4	M+H	279.1591	2	3	12	MSMS	17.44	17.44	17.44	0.1	733785.1										17.44										0.85										2										20.7									
86		linolenic acid M+H MSDIAL			Lipids and lipid-like molecules	Fatty Acyls	Lineolic acids and derivatives	HMDB0001388	alpha-Linolenic acid	Fatty Acyls [FA]	Fatty Acids and Conjugates [FA01]	Unsaturated fatty acids [FA0103]	LMFA01030152	alpha-Linolenic acid	FA 18:3		DTOSIQBPPRVQHS-PDBXOOCHSA-N	C18H30O2	M+H	279.2318	4	10	12	MSMS	19.31	19.31	19.31	0.1						111672.7										19.31										0.57										4										52.3				
87		alpha-Linolenic acid M+H HMDB			Lipids and lipid-like molecules	Fatty Acyls	Lineolic acids and derivatives	HMDB0001388	alpha-Linolenic acid	Fatty Acyls [FA]	Fatty Acids and Conjugates [FA01]	Unsaturated fatty acids [FA0103]	LMFA01030152	alpha-Linolenic acid	FA 18:3		DTOSIQBPPRVQHS-PDBXOOCHSA-N	C18H30O2	M+H	279.2324	6	10	12	MSMS	16.25	16.25	16.25	0.1	61834.7										16.25										0.81										6										13									
88		Oleamide M+H MSDIAL								Fatty Acyls [FA]	Fatty amides [FA08]	Primary amides [FA0801]	LMFA08010011	Elaidamide			FATBGEAMYMYZAF-MDZDMXLPSA-N	C18H35NO	M+H	282.2792	3	10	12	MSMS	20.08	20.08	20.08	0.1	1038652.5										20.08										0.51										3										20									
89		Guanosine M+H HMDB			"Nucleosides, nucleotides, and analogues"	Purine nucleosides		HMDB0000133	Guanosine								NYHBQMYGNKIUIF-UUOKFMHZSA-N	C10H13N5O5	M+H	284.0984	1	1	12	MSMS	1.73	1.73	1.73	0.1						28681.7										1.73										0.82										1										14.1				
90		Kaempferol M+H MSDIAL			Phenylpropanoids and polyketides	Flavonoids	Flavones	HMDB0005801	Kaempferol	Polyketides [PR]	Flavonoids [PK12]	Flavones and Flavonols [PK1211]	LMPK12110003	Kaempferol			IYRMWMYZSQPJKC-UHFFFAOYSA-N	C15H10O6	M+H	287.0551	9	10	12	MSMS	7.22	7.22	7.22	0.1						894619.1										7.22										0.83										9										56.2				
91		Lauryl diethanolamide M+H MSDIAL			Lipids and lipid-like molecules	Fatty Acyls	Fatty amides	HMDB0032358	Lauroyl diethanolamide	Fatty Acyls [FA]	Fatty amides [FA08]	N-acyl ethanolamides (endocannabinoids) [FA0804]	LMFA08040058	Lauroyl diethanolamide			AOMUHOFOVNGZAN-UHFFFAOYSA-N	C16H33NO3	M+H	288.2537	3	10	11	MSMS	14.27	14.27	14.27	0.1	36618										14.27										0.69										3										6.3									
92		Eriodictyol M+H MSDIAL			Phenylpropanoids and polyketides	Flavonoids	Flavans	HMDB0005810	Eriodictyol	Polyketides [PR]	Flavonoids [PK12]	Flavanones [PK1214]	LMPK12140002	Eriodictyol			SBHXYTNGIZCORC-ZDUSSCGKSA-N	C15H12O6	M+H	289.0704	2	2	12	MSMS	6.56	6.56	6.56	0.1							36280.2										6.56										0.66										2										12.7			
93		"NCGC00385919-01_C20H34O_2-Penten-1-ol, 5-[(1S,4aS,8aS)-decahydro-5,5,8a-trimethyl-2-methylene-1-naphthalenyl]-3-methyl-, (2E)- M+H MSDIAL"															NERNKRPBSOBEHC-PTNGSMBKSA-N	C20H34O	M+H	291.2683	6	10	12	MSMS	13.41	13.41	13.41	0.1						1257176.5										13.41										0.58										6										1141.8				
93	*	"ISF of (NCGC00385919-01_C20H34O_2-Penten-1-ol, 5-[(1S,4aS,8aS)-decahydro-5,5,8a-trimethyl-2-methylene-1-naphthalenyl]-3-methyl-, (2E)- M+H MSDIAL)"																		137.133	5		12	MS1	13.41	13.41	13.41	0.1						26194598										13.41										0.73										5										193.4				
94		8-[3-oxo-2-[(E)-pent-2-enyl]cyclopenten-1-yl]octanoic acid M+H MSDIAL								Fatty Acyls [FA]	Octadecanoids [FA02]	12-oxophytodienoic acid metabolites [FA0201]	LMFA02010020	iso-12-oxo-PDA	FA 18:4;O		RHVWQVSLVMXMBR-XVNBXDOJSA-N	C18H28O3	M+H	293.2109	4	10	12	MSMS	14.86	14.86	14.86	0.1						87905.7										14.86										0.74										4										28.4				
95		"NCGC00385879-01!4-(3,4-dihydroxyphenyl)-6,7-dihydroxynaphthalene-2-carboxylic acid M-H2O+H MSDIAL"															ZSKDVJYWOHBGNI-UHFFFAOYSA-N	C17H12O6	M-H2O+H	295.0602	4	10	12	MSMS	7.68	7.68	7.68	0.1						1186749.2										7.68										0.74										4										9.6				
96		"NCGC00385879-01!4-(3,4-dihydroxyphenyl)-6,7-dihydroxynaphthalene-2-carboxylic acid M-H2O+H MSDIAL"															ZSKDVJYWOHBGNI-UHFFFAOYSA-N	C17H12O6	M-H2O+H	295.0602	5	10	5	MSMS	9.84	9.84	9.84	0.1								66516.4										9.84										0.72										5										3.7		
97		"NCGC00385879-01!4-(3,4-dihydroxyphenyl)-6,7-dihydroxynaphthalene-2-carboxylic acid M-H2O+H MSDIAL"															ZSKDVJYWOHBGNI-UHFFFAOYSA-N	C17H12O6	M-H2O+H	295.0603	4	10	12	MSMS	9.17	9.17	9.17	0.1						203191.8										9.17										0.67										4										9.6				
98		5'-Methylthioadenosine M+H HMDB			"Nucleosides, nucleotides, and analogues"	5'-deoxyribonucleosides	5'-deoxy-5'-thionucleosides	HMDB0001173	5'-Methylthioadenosine								WUUGFSXJNOTRMR-IOSLPCCCSA-N	C11H15N5O3S	M+H	298.0968	4	10	12	MSMS	4.69	4.69	4.69	0.1						74202.4										4.69										0.85										4										7				
99		"7,4??????-Di-O-methylapigenin M+H MSDIAL"			Phenylpropanoids and polyketides	Flavonoids	O-methylated flavonoids	HMDB0132454	"Apigenin 7,4'-dimethyl ether"	Polyketides [PR]	Flavonoids [PK12]	Flavones and Flavonols [PK1211]	LMPK12111029	"Apigenin 7,4'-dimethyl ether"			LZERJKGWTQYMBB-UHFFFAOYSA-N	C17H14O5	M+H	299.0916	2	6	12	MSMS	15.5	15.5	15.5	0.1						1510350.1										15.5										0.84										2										69				
100		Palmitoyl Ethanolamide M+H MSDIAL			Organic acids and derivatives	Carboximidic acids and derivatives	Carboximidic acids	HMDB0002100	Palmitoylethanolamide	Fatty Acyls [FA]	Fatty amides [FA08]	N-acyl ethanolamides (endocannabinoids) [FA0804]	LMFA08040013	Palmitoyl-EA	NAE 16:0		HXYVTAGFYLMHSO-UHFFFAOYSA-N	C18H37NO2	M+H	300.2897	3	8	12	MSMS	18.94	18.94	18.94	0.1	89577.2										18.94										0.63										3										30.6									
101		"2,2'-(Tetradecylimino)diethanol M+H MSDIAL"															CPHJEACXPATRSU-UHFFFAOYSA-N	C18H39NO2	M+H	302.3057	3	10	12	MSMS	13.11	13.11	13.11	0.1						12981.5										13.11										0.66										3										135.5				
102		GLYCEROL-MYRISTATE M+H MSDIAL			Lipids and lipid-like molecules	Glycerolipids	Monoradylglycerols	HMDB0304951	Glycerol 1-myristate								DCBSHORRWZKAKO-UHFFFAOYSA-N	C17H34O4	M+H	303.2527	7	10	12	MSMS	18.33	18.33	18.33	0.1	39557.8										18.33										0.68										7										12.9									
103		BUPROFEZIN M+H HMDB			Organoheterocyclic compounds	Thiadiazinanes		HMDB0249444	BUPROFEZIN								PRLVTUNWOQKEAI-UHFFFAOYSA-N	C16H23N3OS	M+H	306.163	6	10	12	MSMS	15.02	15.02	15.02	0.1						29192.2										15.02										0.83										6										39.8				
104		"NCGC00385684-01_C12H16O8_4H-Pyran-4-one, 3-(beta-D-glucopyranosyloxy)-2-methyl- M+Na MSDIAL"															YGSIRXHFAUFUEJ-GPTQDWHKSA-N	C12H16O8	M+Na	311.0737	2	4	8	MSMS	2.12	2.12	2.12	0.1									15184.1										2.12										0.61										2										63.8	
105		"NCGC00385879-01!4-(3,4-dihydroxyphenyl)-6,7-dihydroxynaphthalene-2-carboxylic acid M+H MSDIAL"															ZSKDVJYWOHBGNI-UHFFFAOYSA-N	C17H12O6	M+H	313.0708	6	10	11	MSMS	6.96	6.96	6.96	0.1						201734.6										6.96										0.7										6										13.6				
106		Benzyl butyl phthalate M+H HMDB			Benzenoids	Benzene and substituted derivatives	Benzoic acids and derivatives	HMDB0249068	Benzyl butyl phthalate								IRIAEXORFWYRCZ-UHFFFAOYSA-N	C19H20O4	M+H	313.1432	3	3	12	MSMS	17.18	17.18	17.18	0.1	47168.9										17.18										0.81										3										38.1									
107		"5,7-dihydroxy-6-methoxy-2-(4-methoxyphenyl)-4H-chromen-4-one M+H MSDIAL"								Polyketides [PR]	Flavonoids [PK12]	Flavones and Flavonols [PK1211]	LMPK12111164	Pectolinarigenin			GPQLHGCIAUEJQK-UHFFFAOYSA-N	C17H14O6	M+H	315.0862	4	10	9	MSMS	12.51	12.51	12.51	0.1						80021.9										12.51										0.68										4										30.2				
108		Cirsimaritin M+H HMDB			Phenylpropanoids and polyketides	Flavonoids	O-methylated flavonoids	HMDB0250276	Cirsimaritin	Polyketides [PR]	Flavonoids [PK12]	Flavones and Flavonols [PK1211]	LMPK12111163	Cirsimaritin			ZIIAJIWLQUVGHB-UHFFFAOYSA-N	C17H14O6	M+H	315.0866	5	10	12	MSMS	11.82	11.82	11.82	0.1						586092.6										11.82										0.8										5										32.8				
109		"(2S,3R,4S,5S,6R)-2-[4-(2-hydroxyethyl)phenoxy]-6-(hydroxymethyl)oxane-3,4,5-triol M+NH4 MSDIAL"															OJDSCNUKKOKOQJ-RKQHYHRCSA-N	C14H20O7	M+NH4	318.1547	4	10	12	MSMS	4.91	4.91	4.91	0.1						274813.7										4.91										0.68										4										52.6				
110		Phytosphingosine M+H MSDIAL			Organic nitrogen compounds	Organonitrogen compounds	Amines	HMDB0004610	Phytosphingosine	Sphingolipids [SP]	Sphingoid bases [SP01]	4-Hydroxysphinganines (Phytosphingosines) [SP0103]	LMSP01030001	Phytosphingosine	SPB 18:0;O3		AERBNCYCJBRYDG-KSZLIROESA-N	C18H39NO3	M+H	318.3003	7	10	12	MSMS	13.19	13.19	13.19	0.1						112787.8										13.19										0.84										7										52.3				
111		skimmin M+H MSDIAL			Phenylpropanoids and polyketides	Coumarins and derivatives	Coumarin glycosides	HMDB0258334	Skimmin								VPAOSFFTKWUGAD-TVKJYDDYSA-N	C15H16O8	M+H	325.0921	1	5	12	MSMS	6.63	6.63	6.63	0.1								74946.7										6.63										0.57										1										5.9		
112		Quinoxalinedione + 2Methyl + C5H11O4 M+H MSDIAL															SLOQSNHEHSCLGS-UHFFFAOYSA-N	C15H20N2O6	M+H	325.1396	2	10	12	MSMS	6.05	6.05	6.05	0.1						109149.5										6.05										0.52										2										91.4				
113		Tris(1-chloro-2-propyl)phosphate; LC-ESI-ITFT; MS2; CE M+H MassBank															KVMPUXDNESXNOH-UHFFFAOYNA-N	C9H18Cl3O4P	M+H	327.0079	3	4	12	MSMS	13.47	13.47	13.47	0.1					17753.7										13.47										0.76										3										15.8					
114		Aurantioobtusin M+H MSDIAL			Benzenoids	Anthracenes	Anthraquinones	HMDB0248725	Aurantio-obtusin	Polyketides [PR]	Aromatic polyketides [PK13]	Anthracenes and phenanthrenes [PK1304]	LMPK13040027	Aurantio-obtusin			RNXZPKOEJUFJON-UHFFFAOYSA-N	C17H14O7	M+H	331.0811	4	10	12	MSMS	10.8	10.8	10.8	0.1						241920.6										10.8										0.67										4										41.8				
115		Tetrahydrosappanone A Trimethyl Ether M+H MSDIAL															KXFFLWDYUNIJNU-BFUOFWGJSA-N	C19H22O5	M+H	331.1541	6	10	6	MSMS	6.31	6.31	6.31	0.1						163029.2										6.31										0.74										6										6.9				
116		Ceratodictyol M+H MSDIAL															QDKBEJZVRCVOPZ-SDNWHVSQSA-N	C19H38O4	M+H	331.2845	6	10	12	MSMS	20.33	20.33	20.33	0.1	2847539.8										20.33										0.75										6										12.3									
117		Pyridoxine + O-Hex M+H MSDIAL			Organoheterocyclic compounds	Pyridines and derivatives	Pyridoxines	HMDB0246884	5'-O-beta-D-Glucosylpyridoxine								MDLTWTOQCHCLSZ-UHFFFAOYSA-N	C14H21NO8	M+H	332.1339	6	10	12	MSMS	1.35	1.35	1.35	0.1						1518199.5										1.35										0.63										6										114.8				
118		"2,2'-Dithiobisbenzothiazole M+H MSDIAL"			Organoheterocyclic compounds	Benzothiazoles		HMDB0244457	"2,2'-Dithiobisbenzothiazole"								AFZSMODLJJCVPP-UHFFFAOYSA-N	C14H8N2S4	M+H	332.9641	5	10	12	MSMS	10	10	10	0.1			11280.5										10										0.73										5										40.1							
119		"2,2'-Dithiobisbenzothiazole M+H MSDIAL"			Organoheterocyclic compounds	Benzothiazoles		HMDB0244457	"2,2'-Dithiobisbenzothiazole"								AFZSMODLJJCVPP-UHFFFAOYSA-N	C14H8N2S4	M+H	332.9644	9	10	12	MSMS	18.61	18.61	18.61	0.1	45266.9										18.61										0.93										9										36.5									
120		Rosmarinic acid M+H-H2O MSDIAL			Phenylpropanoids and polyketides	Cinnamic acids and derivatives	Hydroxycinnamic acids and derivatives	HMDB0003572	Rosmarinic acid								DOUMFZQKYFQNTF-WUTVXBCWSA-N	C18H16O8	M+H-H2O	343.0816	5	6	12	MSMS	8.22	8.22	8.22	0.1						4642160										8.22										0.94										5										208.4				
121		Cocamidopropyl betaine M+H MSDIAL															MRUAUOIMASANKQ-UHFFFAOYSA-N	C19H38N2O3	M+H	343.2957	1	1	12	MSMS	12.13	12.13	12.13	0.1	30962.5										12.13										0.82										1										7575.9									
122		Eupatorin M+H MSDIAL			Phenylpropanoids and polyketides	Flavonoids	O-methylated flavonoids	HMDB0252128	Eupatorin	Polyketides [PR]	Flavonoids [PK12]	Flavones and Flavonols [PK1211]	LMPK12111239	Eupatorin			KLAOKWJLUQKWIF-UHFFFAOYSA-N	C18H16O7	M+H	345.097	4	10	11	MSMS	12.12	12.12	12.12	0.1						155941.5										12.12										0.63										4										65.3				
123		"NCGC00180824-02!5,7-dihydroxy-6,8-dimethoxy-2-(4-methoxyphenyl)chromen-4-one M+H MSDIAL"			Phenylpropanoids and polyketides	Flavonoids	O-methylated flavonoids	HMDB0255572	Nevadensin	Polyketides [PR]	Flavonoids [PK12]	Flavones and Flavonols [PK1211]	LMPK12111442	Nevadensin			KRFBMPVGAYGGJE-UHFFFAOYSA-N	C18H16O7	M+H	345.0972	5	10	12	MSMS	13.02	13.02	13.02	0.1						5228392.5										13.02										0.56										5										21.3				
124		2'-Deoxyguanosine 5'-monophosphate M+H HMDB			"Nucleosides, nucleotides, and analogues"	Purine nucleotides	Purine deoxyribonucleotides	HMDB0001044	2'-Deoxyguanosine 5'-monophosphate								LTFMZDNNPPEQNG-KVQBGUIXSA-N	C10H14N5O7P	M+H	348.0706	3	4	12	MSMS	1.31	1.31	1.31	0.1							44334.5										1.31										0.78										3										14.5			
125		"NCGC00186665-03!2,3-dihydroxypropyl hexadecanoate M+NH4 MSDIAL"			Lipids and lipid-like molecules	Glycerolipids	Monoradylglycerols	HMDB0245964	3-Palmitoyl-sn-glycerol	Glycerolipids [GL]	Monoradylglycerols [GL01]	Monoacylglycerols [GL0101]	LMGL01010001	MG(16:0/0:0/0:0)[rac]	MG 16:0	MG 16:0	QHZLMUACJMDIAE-UHFFFAOYSA-N	C19H38O4	M+NH4	348.3106	2	10	12	MSMS	20.35	20.35	20.35	0.1			40696										20.35										0.56										2										7							
126		"(3R,4S,5S,6R)-2-(6-hydroxy-2,6-dimethylocta-2,7-dienoxy)-6-(hydroxymethyl)oxane-3,4,5-triol M+Na MSDIAL"			Lipids and lipid-like molecules	Fatty Acyls	Fatty acyl glycosides	HMDB0035634	Betulalbuside A								WEHZDNHJZBEGME-SPGNZJCFSA-N	C16H28O7	M+Na	355.1726	2	2	12	MSMS	6.96	6.96	6.96	0.1						1335038.1										6.96										0.72										2										16.7				
127		Gardenin B M+H MSDIAL			Phenylpropanoids and polyketides	Flavonoids	O-methylated flavonoids	HMDB0302154	Gardenin B	Polyketides [PR]	Flavonoids [PK12]	Flavones and Flavonols [PK1211]	LMPK12111451	Gardenin B			LXEVSYZNYDZSOB-UHFFFAOYSA-N	C19H18O7	M+H	359.1127	5	10	12	MSMS	15.19	15.19	15.19	0.1						1832559										15.19										0.82										5										47.5				
128		1-Monostearin M+H FiehnHILIC			Lipids and lipid-like molecules	Glycerolipids	Monoradylglycerols	HMDB0011131	MG(18:0/0:0/0:0)	Glycerolipids [GL]	Monoradylglycerols [GL01]	Monoacylglycerols [GL0101]	LMGL01010003	MG(18:0/0:0/0:0)[rac]	MG 18:0	MG 18:0	VBICKXHEKHSIBG-UHFFFAOYNA-N	C21H42O4	M+H	359.3158	6	10	12	MSMS	21.99	21.99	21.99	0.1	4049015.2										21.99										0.63										6										7.5									
129		Rosmarinic acid M+H HMDB			Phenylpropanoids and polyketides	Cinnamic acids and derivatives	Hydroxycinnamic acids and derivatives	HMDB0003572	Rosmarinic acid								DOUMFZQKYFQNTF-WUTVXBCWSA-N	C18H16O8	M+H	361.0918	6	7	12	MSMS	8.22	8.22	8.22	0.1						1301200.4										8.22										0.95										6										75.6				
129	*	ISF of (Rosmarinic acid M+H HMDB)																		135.0441	2		12	MS1	8.22	8.22	8.22	0.1						811494.1										8.22										0.66										2										24.2				
130		Rosmarinic acid M+H HMDB			Phenylpropanoids and polyketides	Cinnamic acids and derivatives	Hydroxycinnamic acids and derivatives	HMDB0003572	Rosmarinic acid								DOUMFZQKYFQNTF-WUTVXBCWSA-N	C18H16O8	M+H	361.0918	3	3	12	MSMS	6.4	6.4	6.4	0.1						870381										6.4										0.85										3										85.2				
131		Tetraethylene glycol monododecyl ether M+H HMDB			Organic oxygen compounds	Organooxygen compounds	Ethers	HMDB0246913	Tetraethylene glycol monododecyl ether								WPMWEFXCIYCJSA-UHFFFAOYSA-N	C20H42O5	M+H	363.3106	2	10	5	MSMS	18.67	18.67	18.67	0.1			77311										18.67										0.6										2										20.7							
132		SUCROSE M+Na MSDIAL			Organic oxygen compounds	Organooxygen compounds	Carbohydrates and carbohydrate conjugates	HMDB0000258	Sucrose								CZMRCDWAGMRECN-UGDNZRGBSA-N	C12H22O11	M+Na	365.1056	2	2	12	MSMS	1.26	1.26	1.26	0.1	44843.9										1.26										0.77										2										18.6									
133		Pyridaben M+H MSDIAL			Benzenoids	Benzene and substituted derivatives	Phenylpropanes	HMDB0256960	Pyridaben								DWFZBUWUXWZWKD-UHFFFAOYSA-N	C19H25ClN2OS	M+H	365.1421	2	2	5	MSMS	19.52	19.52	19.52	0.1							30672.6										19.52										0.65										2										5.4			
134		Isopentenyl-Adenine-7-glucoside; LC-ESI-ITFT; MS2; CE 14.0 eV; [M+H]+ M+H MassBank															ORUWKZNXHJIZKV-UHFFFAOYNA-N	C16H23N5O5	M+H	366.177	4	9	12	MSMS	6.32	6.32	6.32	0.1							51284.8										6.32										0.67										4										30.7			
135		Lysionotin M+Na MSDIAL			Phenylpropanoids and polyketides	Flavonoids	O-methylated flavonoids	HMDB0255572	Nevadensin	Polyketides [PR]	Flavonoids [PK12]	Flavones and Flavonols [PK1211]	LMPK12111442	Nevadensin			KRFBMPVGAYGGJE-UHFFFAOYSA-N	C18H16O7	M+Na	367.0788	1	1	12	MSMS	13.02	13.02	13.02	0.1						197453										13.02										0.68										1										23.7				
136		NCGC00380817-01_C15H20O9_ M+Na MSDIAL															JDNUVLAJLPVYNP-SWMGHYKJSA-N	C15H20O9	M+Na	367.1003	2	2	12	MSMS	4.36	4.36	4.36	0.1						141413.6										4.36										0.69										2										32.9				
137		"[(2S,3R,4S,5S,6R)-3,4,5-trihydroxy-6-(hydroxymethyl)oxan-2-yl] (2E,6E)-8-hydroxy-2,6-dimethylocta-2,6-dienoate M+Na MSDIAL"															QZIOPOIUZGGXKI-KOYXEPTDSA-N	C16H26O8	M+Na	369.1518	3	8	12	MSMS	6.89	6.89	6.89	0.1							97662.5										6.89										0.73										3										21.9			
138		Myristamidopropyl betaine M MSDIAL																C21H43N2O3	M	371.3264	1	1	12	MSMS	13.83	13.83	13.83	0.1	22406.4										13.83										0.64										1										16									
139		Skullcapflavone II M+H HMDB			Phenylpropanoids and polyketides	Flavonoids	O-methylated flavonoids	HMDB0258335	Skullcapflavone II	Polyketides [PR]	Flavonoids [PK12]	Flavones and Flavonols [PK1211]	LMPK12111423	Skullcapflavone II			GMQFOKBGMKVUQZ-UHFFFAOYSA-N	C19H18O8	M+H	375.1072	4	6	11	MSMS	12.78	12.78	12.78	0.1						47436.5										12.78										0.75										4										31.6				
140		Rosmarinic acid; LC-ESI-QTOF; MS2; CE M+Na MassBank			Phenylpropanoids and polyketides	Cinnamic acids and derivatives	Hydroxycinnamic acids and derivatives	HMDB0003572	Rosmarinic acid								DOUMFZQKYFQNTF-WUTVXBCWSA-N	C18H16O8	M+Na	383.0737	2	10	12	MSMS	8.22	8.22	8.22	0.1		18890.5										8.22										0.56										2										41.8								
141		"NCGC00385431-01!2-(1,2-dihydroxyethyl)-3-[(E)-3-(3,4-dihydroxyphenyl)prop-2-enoyl]oxy-4-hydroxy-3,4-dihydro-2H-pyran-6-carboxylic acid M+H MSDIAL"															LYTOSEBVFHNSFK-DUXPYHPUSA-N	C17H18O10	M+H	383.095	2	10	12	MSMS	4.45	4.45	4.45	0.1						105962.2										4.45										0.6										2										4.5				
142		"[(3aR,4S,6R,11aR)-6,9-dihydroxy-6,10-dimethyl-3-methylidene-2,7-dioxo-3a,4,5,8,9,11a-hexahydrocyclodeca[b]furan-4-yl] 2-methylprop-2-enoate M+Na MSDIAL"															JGWDBQRLOBLTHU-NKNVHBAISA-N	C19H24O7	M+Na	387.1436	3	10	12	MSMS	7.1	7.1	7.1	0.1						337903.9										7.1										0.5										3										22				
143		roseoside M+H MSDIAL			Lipids and lipid-like molecules	Fatty Acyls	Fatty acyl glycosides	HMDB0029772	Corchoionol C 9-glucoside								SWYRVCGNMNAFEK-MHXFFUGFSA-N	C19H30O8	M+H	387.2009	4	10	9	MSMS	6.75	6.75	6.75	0.1								116460.1										6.75										0.55										4										6.9		
144		roseoside M+H MSDIAL			Lipids and lipid-like molecules	Fatty Acyls	Fatty acyl glycosides	HMDB0029772	Corchoionol C 9-glucoside								SWYRVCGNMNAFEK-MHXFFUGFSA-N	C19H30O8	M+H	387.2012	4	10	11	MSMS	6.31	6.31	6.31	0.1						351656.1										6.31										0.68										4										25.2				
145		5-O-Demethylnobiletin M+H MSDIAL			Phenylpropanoids and polyketides	Flavonoids	O-methylated flavonoids	HMDB0037571	Demethylnobiletin	Polyketides [PR]	Flavonoids [PK12]	Flavones and Flavonols [PK1211]	LMPK12111479	Demethylnobiletin			DOFJNFPSMUCECH-UHFFFAOYSA-N	C20H20O8	M+H	389.1233	6	10	12	MSMS	14.32	14.32	14.32	0.1						50137										14.32										0.77										6										87.1				
146		icariside B5 M+H MSDIAL															CZYPGTRKJFYXLT-SUHXYMONSA-N	C19H32O8	M+H	389.2167	4	10	12	MSMS	6.32	6.32	6.32	0.1							83571										6.32										0.73										4										12.7			
147		"NCGC00384858-01!5-hydroxy-8,8-dimethyl-6-(2-methylpropanoyl)-4-phenylpyrano[2,3-h]chromen-2-one [IIN-based: Match] M+H MSDIAL"			Phenylpropanoids and polyketides	Neoflavonoids	Prenylated neoflavonoids	HMDB0035876	Mesuagin	Polyketides [PR]	Flavonoids [PK12]	Neoflavonoids [PK1210]	LMPK12100030	Mesuagin			SVCPILBFQWTZFW-UHFFFAOYSA-N	C24H22O5	M+H	391.1503	2	10	12	MSMS	7.1	7.1	7.1	0.1									62199										7.1										0.54										2										35.6	
148		Bis(2-ethylhexyl) phthalate M+H HMDB			Benzenoids	Benzene and substituted derivatives	Benzoic acids and derivatives	HMDB0249243	Bis(2-ethylhexyl) phthalate								BJQHLKABXJIVAM-UHFFFAOYSA-N	C24H38O4	M+H	391.2842	6	10	12	MSMS	23	23	23	0.1	93904.8										23										0.9										6										29.4									
149		Tris(2-butoxyethyl) phosphate M+H HMDB			Organic acids and derivatives	Organic phosphoric acids and derivatives	Phosphate esters	HMDB0259275	Tris(2-butoxyethyl) phosphate								WTLBZVNBAKMVDP-UHFFFAOYSA-N	C18H39O7P	M+H	399.2502	4	10	12	MSMS	16.91	16.91	16.91	0.1	83012.9										16.91										0.83										4										43.2									
150		9-Methoxycamptothecin M+Na MSDIAL															XVMZDZFTCKLZTF-NRFANRHFSA-N	C21H18N2O5	M+Na	401.1059	1	6	12	MSMS	5.49	5.49	5.49	0.1							41563.5										5.49										0.57										1										11.9			
151		Sorbitane Monopalmitate - Polysorbate 40 in-source fragment M+H MSDIAL			Lipids and lipid-like molecules	Fatty Acyls	Fatty acid esters	HMDB0029887	Sorbitan palmitate	Fatty Acyls [FA]	Fatty esters [FA07]	Wax monoesters [FA0701]	LMFA07011019	Sorbitan palmitate	WE 22:1;O4		IYFATESGLOUGBX-UHFFFAOYSA-N	C22H42O6	M+H	402.358	2	3	12	MSMS	15.07	15.07	15.07	0.1	127304.5										15.07										0.88										2										22									
152		Acetyl tributyl citrate M+H MSDIAL			Organic acids and derivatives	Carboxylic acids and derivatives	Tetracarboxylic acids and derivatives	HMDB0034159	Acetyl tributyl citrate								QZCLKYGREBVARF-UHFFFAOYSA-N	C20H34O8	M+H	403.2324	5	10	12	MSMS	18.71	18.71	18.71	0.1			12918.8										18.71										0.66										5										14.7							
153		N6-Threonylcarbamoyladenosine M+H MSDIAL															UNUYMBPXEFMLNW-DWVDDHQFSA-N	C15H20N6O8	M+H	413.1418	4	9	12	MSMS	5.28	5.28	5.28	0.1						53717.4										5.28										0.56										4										16.1				
154		2-acetoxy-4-pentadecylbenzoic acid M+Na MSDIAL															FMPIFABORGZGFA-UHFFFAOYSA-N	C24H38O4	M+Na	413.2663	1	2	12	MSMS	23	23	23	0.1	144688.2										23										0.55										1										10.6									
155		"NCGC00347704-02_C24H32O7_2H-Oxireno[1,10a]phenanthro[3,2-b]furan-10(11bH)-one, 5,7-bis(acetyloxy)-3,3a,4,5,6,7,7a,7b,8,8a-decahydro-4,4,7a,11-tetramethyl-, (1aS,3aR,5S,7S,7aR,7bS,8aR,11bR)- M-H2O+H MSDIAL"															YOELDOOOBJSHSZ-SRFZOMHBSA-N	C24H32O7	M-H2O+H	415.2113	1	9	12	MSMS	13.52	13.52	13.52	0.1							28739.2										13.52										0.75										1										57.6			
156		"NCGC00347704-02_C24H32O7_2H-Oxireno[1,10a]phenanthro[3,2-b]furan-10(11bH)-one, 5,7-bis(acetyloxy)-3,3a,4,5,6,7,7a,7b,8,8a-decahydro-4,4,7a,11-tetramethyl-, (1aS,3aR,5S,7S,7aR,7bS,8aR,11bR)- M-H2O+H MSDIAL"															YOELDOOOBJSHSZ-SRFZOMHBSA-N	C24H32O7	M-H2O+H	415.2114	2	9	10	MSMS	14.84	14.84	14.84	0.1						149082.8										14.84										0.69										2										7.2				
157		Sorbitane Monooleate - Polysorbate 80 in-source fragment M+H MSDIAL			Lipids and lipid-like molecules	Fatty Acyls	Fatty acid esters	HMDB0029886	Sorbitan oleate	Fatty Acyls [FA]	Fatty esters [FA07]	Wax monoesters [FA0701]	LMFA07011018	Sorbitan oleate	WE 24:2;O4		NWGKJDSIEKMTRX-MDZDMXLPSA-N	C24H44O6	M+H	428.3728	1	3	12	MSMS	15.48	15.48	15.48	0.1	68174										15.48										0.54										1										14.5									
158		"NCGC00385123-01_C22H30O6_7b,9-Dihydroxy-3-(hydroxymethyl)-1,1,6,8-tetramethyl-5-oxo-1,1a,1b,4,4a,5,7a,7b,8,9-decahydro-9aH-cyclopropa[3,4]benzo[1,2-e]azulen-9a-yl acetate M+ACN+H MSDIAL"															WZYGIALDVOKLLL-UHFFFAOYSA-N	C22H30O6	M+ACN+H	432.2379	4	10	12	MSMS	14.17	14.17	14.17	0.1						219407.3										14.17										0.57										4										49.2				
159		Ursolic acid M+H-H2O MSDIAL			Lipids and lipid-like molecules	Prenol lipids	Triterpenoids	HMDB0002395	Ursolic acid	Prenol Lipids [PR]	Isoprenoids [PR01]	C30 isoprenoids (triterpenes) [PR0106]	LMPR0106180007	ursolic acid			WCGUUGGRBIKTOS-GPOJBZKASA-N	C30H48O3	M+H-H2O	439.3566	4	10	12	MSMS	19.79	19.79	19.79	0.1	141174.7										19.79										0.58										4										8									
160		Betulin M+H MSDIAL			Lipids and lipid-like molecules	Prenol lipids	Triterpenoids	HMDB0036838	Betulin	Prenol Lipids [PR]	Isoprenoids [PR01]	C30 isoprenoids (triterpenes) [PR0106]	LMPR0106140005	Betulin			FVWJYYTZTCVBKE-ROUWMTJPSA-N	C30H50O2	M+H	443.388	6	10	12	MSMS	20.99	20.99	20.99	0.1						166642.8										20.99										0.64										6										23.7				
161		Quercetin-3-ramnoside M+H MSDIAL			Phenylpropanoids and polyketides	Flavonoids	Flavonoid glycosides	HMDB0033751	Quercitrin								OXGUCUVFOIWWQJ-HQBVPOQASA-N	C21H20O11	M+H	449.1075	10	10	6	MSMS	7.82	7.82	7.82	0.1						63559.9										7.82										0.8										10										14.4				
162		Quercetin-3-ramnoside M+H MSDIAL			Phenylpropanoids and polyketides	Flavonoids	Flavonoid glycosides	HMDB0033751	Quercitrin								OXGUCUVFOIWWQJ-HQBVPOQASA-N	C21H20O11	M+H	449.1079	10	10	10	MSMS	6.87	6.87	6.87	0.1						96541.2										6.87										0.95										10										18.1				
163		Okanin-4'-O-glucoside M+H MSDIAL			Lipids and lipid-like molecules	Fatty Acyls	Fatty alcohols	HMDB0254334	Marein	Polyketides [PR]	Flavonoids [PK12]	Chalcones and dihydrochalcones [PK1212]	LMPK12120156	Marein			XGEYXJDOVMEJNG-HTFDPZBKSA-N	C21H22O11	M+H	451.1226	2	10	12	MSMS	7.3	7.3	7.3	0.1						124286.9										7.3										0.61										2										11				
164		LPE 16:0 M+H Atlas			Lipids and lipid-like molecules	Glycerophospholipids	Glycerophosphoethanolamines	HMDB0011503 --- HMDB0256030	LysoPE(16:0/0:0) --- [3-[2-Aminoethoxy(hydroxy)phosphoryl]oxy-2-hydroxypropyl] hexadecanoate	Glycerophospholipids [GP]	Glycerophosphoethanolamines [GP02]	Monoacylglycerophosphoethanolamines [GP0205]	LMGP02050002	PE(16:0/0:0)	LPE 16:0	LPE 16:0	YVYMBNSKXOXSKW-UHFFFAOYNA-N	C21H44NO7P	M+H	454.2926	1	1	12	MSMS	15.98	15.98	15.98	0.1						59397.4										15.98										0.73										1										58.8				
165		Quercetin 3-galactoside M+H HMDB			Phenylpropanoids and polyketides	Flavonoids	Flavonoid glycosides	HMDB0030775	Quercetin 3-galactoside	Polyketides [PR]	Flavonoids [PK12]	Flavones and Flavonols [PK1211]	LMPK12112041	Hyperin			OVSQVDMCBVZWGM-DTGCRPNFSA-N	C21H20O12	M+H	465.103	3	4	12	MSMS	7.34	7.34	7.34	0.1						610690.5										7.34										0.87										3										32.7				
166		Quercetin-4'-O-glucoside M+H MSDIAL			Phenylpropanoids and polyketides	Flavonoids	Flavonoid glycosides	HMDB0037932	Quercetin 4'-glucoside	Polyketides [PR]	Flavonoids [PK12]	Flavones and Flavonols [PK1211]	LMPK12112184	Spiraeoside			OIUBYZLTFSLSBY-HMGRVEAOSA-N	C21H20O12	M+H	465.1032	4	4	10	MSMS	6.79	6.79	6.79	0.1						177327.4										6.79										0.89										4										43.1				
167		"NCGC00385412-01_C21H32O10_2,4-Pentadienoic acid, 5-[(1R,3S,5R,8S)-3-(beta-D-glucopyranosyloxy)-8-hydroxy-1,5-dimethyl-6-oxabicyclo[3.2.1]oct-8-yl]-3-methyl-, (2Z,4E)- M+Na MSDIAL"								Prenol Lipids [PR]	Isoprenoids [PR01]	C15 isoprenoids (sesquiterpenes) [PR0103]	LMPR0103050006	dihydrophaseic acid 4-O-beta-D-glucoside			UHHVHDDICOEBTQ-QCJIOVKVSA-N	C21H32O10	M+Na	467.1906	1	1	7	MSMS	6.07	6.07	6.07	0.1							165445										6.07										0.52										1										13.9			
168		"(Z)-2,6-dimethyl-7-(4-methyl-5-oxooxolan-2-yl)-3-[[3,4,5-trihydroxy-6-(hydroxymethyl)oxan-2-yl]oxymethyl]hept-5-enoic acid M+Na MSDIAL"															QOIHIEPXTNMSSM-WMZJFQQLSA-N	C21H34O10	M+Na	469.2047	2	10	12	MSMS	7.04	7.04	7.04	0.1								62362										7.04										0.66										2										11.4		
169		HECOGENIN ACETATE M+H MSDIAL															CVKZWRTYHCDWTE-XXJMSXTOSA-N	C29H44O5	M+H	473.3261	7	10	12	MSMS	10.66	10.66	10.66	0.1						296369.8										10.66										0.82										7										13.2				
170		LPE 18:3 M+H Atlas			Lipids and lipid-like molecules	Glycerophospholipids	Glycerophosphoethanolamines	HMDB0011509	"LysoPE(18:3(9Z,12Z,15Z)/0:0)"	Glycerophospholipids [GP]	Glycerophosphoethanolamines [GP02]	Monoacylglycerophosphoethanolamines [GP0205]	LMGP02050029	"PE(18:3(9Z,12Z,15Z)/0:0)"	LPE 18:3	LPE 18:3	NTBBASCGALPTDC-PDBXOOCHNA-N	C23H42NO7P	M+H	476.2768	1	1	9	MSMS	14.15	14.15	14.15	0.1						55439.1										14.15										0.76										1										23.7				
171		LPE 18:2 M+H Atlas			Lipids and lipid-like molecules	Glycerophospholipids	Glycerophosphoethanolamines	HMDB0011507	"LysoPE(18:2(9Z,12Z)/0:0)"	Glycerophospholipids [GP]	Glycerophosphoethanolamines [GP02]	Monoacylglycerophosphoethanolamines [GP0205]	LMGP02050011	"PE(18:2(9Z,12Z)/0:0)"	LPE 18:2	LPE 18:2	DBHKHNGBVGWQJE-HZJYTTRNNA-N	C23H44NO7P	M+H	478.2929	1	1	8	MSMS	15.04	15.04	15.04	0.1						32881.7										15.04										0.69										1										37.6				
172		22-Hydoxy-2-hopen-1-one M+H+CH3CN MSDIAL															YLKHZBZGHNOEES-LISTXKHRSA-N	C30H48O2	M+H+CH3CN	482.4048	4	10	12	MSMS	19.56	19.56	19.56	0.1	307547.7										19.56										0.64										4										5.9									
173		"(1R,2R,4aS,6aS,6bR,10S,12aR,14bS)-1,8,10-trihydroxy-1,2,6a,6b,9,9,12a-heptamethyl-2,3,4,5,6,6a,7,8,8a,10,11,12,13,14b-tetradecahydropicene-4a-carboxylic acid M+H MSDIAL"			Lipids and lipid-like molecules	Prenol lipids	Triterpenoids	HMDB0036961	"(3beta,6alpha,19alpha)-3,6,19-Trihydroxy-12-ursen-28-oic acid"	Prenol Lipids [PR]	Isoprenoids [PR01]	C30 isoprenoids (triterpenes) [PR0106]	LMPR0106180023	"3beta,6beta,19alpha-trihydroxy-urs-12-en-28-oic acid"			JPGOJQJBPLCRQP-YHJYJCICSA-N	C30H48O5	M+H	489.3575	4	10	12	MSMS	13.94	13.94	13.94	0.1						206184.3										13.94										0.54										4										120.1				
173	*	"ISF of ((1R,2R,4aS,6aS,6bR,10S,12aR,14bS)-1,8,10-trihydroxy-1,2,6a,6b,9,9,12a-heptamethyl-2,3,4,5,6,6a,7,8,8a,10,11,12,13,14b-tetradecahydropicene-4a-carboxylic acid M+H MSDIAL)"																		453.3362	3		12	MS1	13.94	13.94	13.94	0.1						411506.6										13.94										0.64										3										40.4				
173	*	"ISF of ((1R,2R,4aS,6aS,6bR,10S,12aR,14bS)-1,8,10-trihydroxy-1,2,6a,6b,9,9,12a-heptamethyl-2,3,4,5,6,6a,7,8,8a,10,11,12,13,14b-tetradecahydropicene-4a-carboxylic acid M+H MSDIAL)"																		407.3309	2		12	MS1	13.94	13.94	13.94	0.1						173605.9										13.94										0.67										2										74.4				
174		"(1R,2R,4aS,6aS,6bR,10S,12aR,14bS)-1,8,10-trihydroxy-1,2,6a,6b,9,9,12a-heptamethyl-2,3,4,5,6,6a,7,8,8a,10,11,12,13,14b-tetradecahydropicene-4a-carboxylic acid M+H MSDIAL"			Lipids and lipid-like molecules	Prenol lipids	Triterpenoids	HMDB0036961	"(3beta,6alpha,19alpha)-3,6,19-Trihydroxy-12-ursen-28-oic acid"	Prenol Lipids [PR]	Isoprenoids [PR01]	C30 isoprenoids (triterpenes) [PR0106]	LMPR0106180023	"3beta,6beta,19alpha-trihydroxy-urs-12-en-28-oic acid"			JPGOJQJBPLCRQP-YHJYJCICSA-N	C30H48O5	M+H	489.3577	7	10	12	MSMS	10.03	10.03	10.03	0.1									59688.2										10.03										0.67										7										49.5	
175		LDGCC 16:0 M+H Atlas															ANDJVEXQBRPJHM-UHFFFAOYNA-N	C26H51NO7	M+H	490.3738	2	2	12	MSMS	15.49	15.49	15.49	0.1				10855.7										15.49										0.77										2										89.7						
176		PC(16:0/0:0) M+H MSDIAL			Lipids and lipid-like molecules	Glycerophospholipids	Glycerophosphocholines	HMDB0256091	1-Palmitoylphosphatidylcholine	Glycerophospholipids [GP]	Glycerophosphocholines [GP01]	Monoacylglycerophosphocholines [GP0105]	LMGP01050113	PC(16:0/0:0)[rac]	LPC 16:0	LPC 16:0	ASWBNKHCZGQVJV-UHFFFAOYSA-N	C24H50NO7P	M+H	496.3396	4	10	12	MSMS	16.08	16.08	16.08	0.1						122979.9										16.08										0.8										4										64.1				
177		LPC 18:3 M+H MSDIAL			Lipids and lipid-like molecules	Glycerophospholipids	Glycerophosphocholines	HMDB0010387	"LysoPC(18:3(6Z,9Z,12Z)/0:0)"	Glycerophospholipids [GP]	Glycerophosphocholines [GP01]	Monoacylglycerophosphocholines [GP0105]	LMGP01050128	"PC(18:3(6Z,9Z,12Z)/0:0)"	LPC 18:3	LPC 18:3	MRTUWVDDQVMUCR-UHFFFAOYSA-N	C26H48NO7P	M+H	518.3243	7	10	9	MSMS	14.23	14.23	14.23	0.1						163150.1										14.23										0.81										7										47				
178		LPC 18:2 M+H MSDIAL			Lipids and lipid-like molecules	Glycerophospholipids	Glycerophosphocholines	HMDB0010386	"LysoPC(18:2(9Z,12Z)/0:0)"	Glycerophospholipids [GP]	Glycerophosphocholines [GP01]	Monoacylglycerophosphocholines [GP0105]	LMGP01050035	"PC(18:2(9Z,12Z)/0:0)"	LPC 18:2	LPC 18:2	SPJFYYJXNPEZDW-UHFFFAOYSA-N	C26H50NO7P	M+H	520.3389	2	10	9	MSMS	15.12	15.12	15.12	0.1						61159.5										15.12										0.59										2										38.5				
179		LPC 18:1-SN2 M+H Atlas			Lipids and lipid-like molecules	Glycerophospholipids	Glycerophosphocholines	HMDB0002815	LysoPC(18:1(9Z)/0:0)	Glycerophospholipids [GP]	Glycerophosphocholines [GP01]	Monoacylglycerophosphocholines [GP0105]	LMGP01050030 --- LMGP01050032 --- LMGP01050114	PC(18:1(9E)/0:0) --- PC(18:1(9Z)/0:0) --- PC(18:1(9Z)/0:0)[rac]	LPC 18:1	LPC 18:1	YAMUFBLWGFFICM-SEYXRHQNNA-N	C26H52NO7P	M+H	522.3555	2	2	6	MSMS	16.27	16.27	16.27	0.1						28145.6										16.27										0.82										2										76				
180		"[(2R,3S,4S,5R,6R)-3,4,5-trihydroxy-6-[2-(3-hydroxy-5-oxooxolan-3-yl)propoxy]oxan-2-yl]methyl (E)-3-(3,4-dihydroxyphenyl)prop-2-enoate M+K MSDIAL"															YNPOIPFNQJKGQJ-SALKWGHLSA-N	C22H28O12	M+K	523.1234	2	10	12	MSMS	8.22	8.22	8.22	0.1						921847.1										8.22										0.68										2										26.6				
181		LysoPC(0:0/18:0) M+H HMDB			Lipids and lipid-like molecules	Glycerophospholipids	Glycerophosphocholines	HMDB0011128	LysoPC(0:0/18:0)	Glycerophospholipids [GP]	Glycerophosphocholines [GP01]	Monoacylglycerophosphocholines [GP0105]	LMGP01050076	PC(0:0/18:0)	LPC 18:0	LPC 18:0	IQGPMZRCLCCXAG-RUZDIDTESA-N	C26H54NO7P	M+H	524.3709	2	6	12	MSMS	18.06	18.06	18.06	0.1							45929.1										18.06										0.61										2										32.7			
182		RAFFINOSE M+Na MSDIAL			Organic oxygen compounds	Organooxygen compounds	Carbohydrates and carbohydrate conjugates	HMDB0003213 --- HMDB0034072	Gentianose --- Raffinose								MUPFEKGTMRGPLJ-BQCSWRFHSA-N	C18H32O16	M+Na	527.1581	3	6	12	MSMS	1.31	1.31	1.31	0.1							129691.2										1.31										0.72										3										23.1			
183		"Flavone base + 4O, O-MalonylHex M+H MSDIAL"			Phenylpropanoids and polyketides	Flavonoids	Flavonoid glycosides	HMDB0303671	Luteolin 7-(6''-malonylglucoside)								RNDGJCZQVKFBPI-UHFFFAOYSA-N	C24H22O14	M+H	535.1083	2	9	12	MSMS	7.56	7.56	7.56	0.1										22299.6										7.56										0.58										2										9.5
184		phellopterin M+Na MSDIAL			Organic oxygen compounds	Organooxygen compounds	Alcohols and polyols	HMDB0030705	"3,4-Di-O-caffeoylquinic acid"								UFCLZKMFXSILNL-PSEXTPKNSA-N	C25H24O12	M+Na	539.118	2	10	5	MSMS	9.26	9.26	9.26	0.1						401951.5										9.26										0.64										2										5.2				
185		"NCGC00384905-01_C24H40O12_(2R,3E)-4-[(1S,6R)-1-Hydroxy-2,2,6-trimethyl-4-oxocyclohexyl]-3-buten-2-yl 6-O-beta-D-xylopyranosyl-beta-D-glucopyranoside M+Na MSDIAL"															IXQBRUSHWUDFSM-RJGCIVIHSA-N	C24H40O12	M+Na	543.2411	1	1	12	MSMS	6.22	6.22	6.22	0.1						86674.4										6.22										0.51										1										13.2				
186		"Flavonol base + 4O, O-MalonylHex M+H MSDIAL"			Phenylpropanoids and polyketides	Flavonoids	Flavonoid glycosides	HMDB0037368	Quercetin 3-(6''-malonyl-glucoside)								NBQPHANHNTWDML-UHFFFAOYSA-N	C24H22O15	M+H	551.1032	5	9	12	MSMS	7.6	7.6	7.6	0.1						810008.1										7.6										0.9										5										98.3				
187		"NCGC00385770-01!2-(3,4-dihydroxyphenyl)-5-hydroxy-7-[(2S,3R,4S,5S,6R)-3,4,5-trihydroxy-6-[(3,4,5-trihydroxyoxan-2-yl)oxymethyl]oxan-2-yl]oxychromen-4-one M+H MSDIAL"								Polyketides [PR]	Flavonoids [PK12]	Flavones and Flavonols [PK1211]	LMPK12110655 --- LMPK12110709	Luteolin 7-arabinopyranosyl-(1->6)-glucoside --- Luteolin 7-primeveroside			QOYOSTICCWYNER-YCAXZUJKSA-N	C26H28O15	M+H	581.1497	3	4	12	MSMS	7.22	7.22	7.22	0.1						526084.9										7.22										0.86										3										46.9				
188		Deoxykhivorin M+Na MSDIAL															SUQFMFHTLHMZNM-SLBLICBISA-N	C32H42O9	M+Na	593.2758	1	1	12	MSMS	20.92	20.92	20.92	0.1						1016909.1										20.92										0.53										1										59.3				
189		Biorobin M+H HMDB			Phenylpropanoids and polyketides	Flavonoids	Flavonoid glycosides	HMDB0037574	Biorobin								RTATXGUCZHCSNG-UHFFFAOYSA-N	C27H30O15	M+H	595.1654	6	8	12	MSMS	7.56	7.56	7.56	0.1						276652.5										7.56										0.91										6										83.7				
190		Vicenin 2 M+H HMDB			Phenylpropanoids and polyketides	Flavonoids	Flavonoid glycosides	HMDB0030708	Vicenin 2								FIAAVMJLAGNUKW-UHFFFAOYSA-N	C27H30O15	M+H	595.166	6	10	12	MSMS	6.15	6.15	6.15	0.1						63589.9										6.15										0.68										6										43				
191		"NCGC00169547-02!3-[3-[(2R,3R,4R)-3,4-dihydroxy-4-(hydroxymethyl)oxolan-2-yl]oxy-4,5-dihydroxy-6-(hydroxymethyl)oxan-2-yl]oxy-2-(3,4-dihydroxyphenyl)-5,7-dihydroxychromen-4-one M+H MSDIAL"								Polyketides [PR]	Flavonoids [PK12]	Flavones and Flavonols [PK1211]	LMPK12112042 --- LMPK12112087	Quercetin 3-apiosyl-(1->2)-galactoside --- Quercetin 3-apiosyl-(1->2)-glucoside			QJWRRPPVKXMSJD-VXJOFSGDSA-N	C26H28O16	M+H	597.1456	4	10	12	MSMS	6.79	6.79	6.79	0.1						330073.2										6.79										0.86										4										100.8				
192		"NCGC00384592-01!3-[(2S,3R,4S,5S,6R)-4,5-dihydroxy-6-(hydroxymethyl)-3-[(2S,3R,4S,5R)-3,4,5-trihydroxyoxan-2-yl]oxyoxan-2-yl]oxy-5,7-dihydroxy-2-(4-hydroxyphenyl)chromen-4-one M+Na MSDIAL"								Polyketides [PR]	Flavonoids [PK12]	Flavones and Flavonols [PK1211]	LMPK12111729	Leucoside			RXAXTTGJEMODPY-CJNLAGEVSA-N	C26H28O15	M+Na	603.1317	4	10	12	MSMS	7.22	7.22	7.22	0.1						137023.5										7.22										0.68										4										15.9				
193		DGDG O-9:0_2:0 M+Na Atlas															QXPSBTSKQXVPMM-UHFFFAOYNA-N	C26H48O14	M+Na	607.2928	1	2	10	MSMS	22.46	22.46	22.46	0.1						29198294										22.46										0.55										1										93.3				
194		Rutin M+H HMDB			Phenylpropanoids and polyketides	Flavonoids	Flavonoid glycosides	HMDB0003249	Rutin	Polyketides [PR]	Flavonoids [PK12]	Flavones and Flavonols [PK1211]	LMPK12112098	Rutin			IKGXIBQEEMLURG-NVPNHPEKSA-N	C27H30O16	M+H	611.1606	7	7	12	MSMS	7.1	7.1	7.1	0.1						2325807.5										7.1										0.94										7										122.3				
195		Peltatoside; LC-ESI-QTOF; MS2; CE M+Na MassBank								Polyketides [PR]	Flavonoids [PK12]	Flavones and Flavonols [PK1211]	LMPK12112089	Quercetin 3-vicianoside			YNMFDPCLPIMRFD-KSPKLRDJSA-N	C26H28O16	M+Na	619.1272	2	5	12	MSMS	6.79	6.79	6.79	0.1						152631.9										6.79										0.79										2										147.8				
196		"Quercetin-3,4'-O-di-beta-glucopyranoside; LC-ESI-QTOF; MS2; CE M+H MassBank"			Phenylpropanoids and polyketides	Flavonoids	Biflavonoids and polyflavonoids	HMDB0304730	"Quercetin 7,4'-O-diglucoside"	Polyketides [PR]	Flavonoids [PK12]	Flavones and Flavonols [PK1211]	LMPK12112104	"Quercetin 3,4'-diglucoside"			RPVIQWDFJPYNJM-DEFKTLOSSA-N	C27H30O17	M+H	627.1552	2	10	12	MSMS	6.48	6.48	6.48	0.1								40805.3										6.48										0.75										2										7.9		
197		"2-(3,4-dihydroxyphenyl)-5,7-dihydroxy-3-(((2S,3R,4S,5S,6R)-3,4,5-trihydroxy-6-((((3R,4R,5R,6S)-3,4,5-trihydroxy-6-methyltetrahydro-2H-pyran-2-yl)oxy)methyl)tetrahydro-2H-pyran-2-yl)oxy)-4H-chromen-4-one M+Na MSDIAL"			Phenylpropanoids and polyketides	Flavonoids	O-methylated flavonoids	HMDB0257021	Quercetin-3-o-rutinose								IKGXIBQEEMLURG-UHFFFAOYSA-N	C27H30O16	M+Na	633.1422	5	5	12	MSMS	7.1	7.1	7.1	0.1						237704.8										7.1										0.82										5										63.5				
198		NAOrn 19:1/16:0 M+H Atlas															VHBQLSFOGMLEJW-NXVVXOECNA-N	C40H76N2O5	M+H	665.5815	3	6	12	MSMS	20.71	20.71	20.71	0.1		49408.8										20.71										0.6										3										6.3								
199		"NCGC00384894-01_C36H58O11_3-(Hexopyranosyloxy)-2,6,23-trihydroxyolean-12-en-28-oic acid M+Na MSDIAL"															RXWXPKXKJZHTEJ-GLERXTOPSA-N	C36H58O11	M+Na	689.387	1	1	12	MSMS	8.55	8.55	8.55	0.1						228285										8.55										0.51										1										37.6				
200		"(2R,3R,4R,6aR,6bS,8aR,14bR)-2,3,12-trihydroxy-4,6a,6b,11,11,14b-hexamethyl-8a-[(2S,3R,4S,5S,6R)-3,4,5-trihydroxy-6-(hydroxymethyl)oxan-2-yl]oxycarbonyl-1,2,3,4a,5,6,7,8,9,10,12,12a,14,14a-tetradecahydropicene-4-carboxylic acid M+NH4 MSDIAL"															NZNHJGNBLPBNLU-YIKANFTBSA-N	C36H56O12	M+NH4	698.4106	6	10	12	MSMS	9.66	9.66	9.66	0.1									110376.1										9.66										0.73										6										3	
201		"NCGC00385360-01_C36H56O12_beta-D-Glucopyranose, 1-O-[(2alpha,3beta,5xi,9xi,18xi)-2,3,19,24-tetrahydroxy-24,28-dioxoolean-12-en-28-yl]- M+Na MSDIAL"															NZNHJGNBLPBNLU-YIKANFTBSA-N	C36H56O12	M+Na	703.3665	3	5	12	MSMS	10.66	10.66	10.66	0.1						277214.8										10.66										0.75										3										15.9				
202		"(2R)-2-[(E)-3-[3-[(1R)-1-carboxy-2-(3,4-dihydroxyphenyl)ethoxy]carbonyl-2-(3,4-dihydroxyphenyl)-7-hydroxy-2,3-dihydro-1-benzofuran-4-yl]prop-2-enoyl]oxy-3-(3,4-dihydroxyphenyl)propanoic acid M+NH4 MSDIAL"			Phenylpropanoids and polyketides	2-arylbenzofuran flavonoids		HMDB0242648	Salvianolic acid B								SNKFFCBZYFGCQN-FTNWOIIGSA-N	C36H30O16	M+NH4	736.1871	2	10	12	MSMS	8.63	8.63	8.63	0.1										66798.3										8.63										0.61										2										8.5
203		"(2R)-2-[(E)-3-[3-[(1R)-1-carboxy-2-(3,4-dihydroxyphenyl)ethoxy]carbonyl-2-(3,4-dihydroxyphenyl)-7-hydroxy-2,3-dihydro-1-benzofuran-4-yl]prop-2-enoyl]oxy-3-(3,4-dihydroxyphenyl)propanoic acid M+NH4 MSDIAL"			Phenylpropanoids and polyketides	2-arylbenzofuran flavonoids		HMDB0242648	Salvianolic acid B								SNKFFCBZYFGCQN-FTNWOIIGSA-N	C36H30O16	M+NH4	736.1873	2	10	12	MSMS	7.88	7.88	7.88	0.1						373700.3										7.88										0.59										2										5.7				
204		"NCGC00180783-02!5,7-dihydroxy-2-(4-hydroxy-3-methoxyphenyl)-3,6-dimethoxychromen-4-one [IIN-based on: CCMSLIB00000848426] 2M+Na MSDIAL"			Phenylpropanoids and polyketides	Flavonoids	O-methylated flavonoids	HMDB0033819	Jaceidin	Polyketides [PR]	Flavonoids [PK12]	Flavones and Flavonols [PK1211]	LMPK12112999	Jaceidin			XUWTZJRCCPNNJR-UHFFFAOYSA-N	C18H16O8	2M+Na	743.1583	1	10	12	MSMS	8.24	8.24	8.24	0.1						2149656.2										8.24										0.58										1										47.7				
205		"NCGC00380464-01!3-[(2S,3R,4S,5R,6S)-3,4-dihydroxy-6-methyl-5-[(2S,3R,4S,5S,6R)-3,4,5-trihydroxy-6-(hydroxymethyl)oxan-2-yl]oxyoxan-2-yl]oxy-2-(3,4-dihydroxyphenyl)-5-hydroxy-7-[3,4,5-trihydroxy-6-(hydroxymethyl)oxan-2-yl]oxychromen-4-one M+H MSDIAL"															KVODFZNXODDECO-LSSGXCBUSA-N	C33H40O21	M+H	773.212	3	10	12	MSMS	6.42	6.42	6.42	0.1								26953.3										6.42										0.7										3										38.1		
206		MGDG 18:3_18:3 M+NH4 Atlas								Glycerolipids [GL]	Glycosyldiradylglycerols [GL05]	Glycosyldiacylglycerols [GL0501]	LMGL05010001 --- LMGL05010065	"MGDG(18:3(9Z,12Z,15E)/18:3(9Z,12Z,15E)) --- MGDG(18:3(9Z,12Z,15Z)/18:3(9Z,12Z,15Z))"	MGDG 36:6	MGDG 18:3/18:3	QUZHZFAQJATMCA-YTWBPVBXNA-N	C45H74O10	M+NH4	792.5623	2	2	12	MSMS	22.02	22.02	22.02	0.1							1413673										22.02										0.59										2										48.3			
207		"NCGC00380363-01!8-(2,3-dihydroxy-3-methylbutyl)-5,7-dimethoxy-2-phenyl-2,3-dihydrochromen-4-one [IIN-based on: CCMSLIB00000848735] 2M+Na MSDIAL"															SDEUJZQQWGXEEM-UHFFFAOYSA-N	C22H26O6	2M+Na	795.3337	1	10	12	MSMS	12.93	12.93	12.93	0.1								11793.3										12.93										0.61										1										4046.8		
208		DGDG 16:0_18:3 M+NH4 Atlas								Glycerolipids [GL]	Glycosyldiradylglycerols [GL05]	Glycosyldiacylglycerols [GL0501]	LMGL05010064	"DGDG(16:0/18:3(9Z,12Z,15Z))"	DGDG 34:3	DGDG 16:0_18:3	WVWINZZVFAFVMJ-SVNQLWEDNA-N	C49H86O15	M+NH4	932.6295	4	4	12	MSMS	23.34	23.34	23.34	0.1							80970.5										23.34										0.69										4										133.8			
209		DGDG 18:3_18:3 M+NH4 Atlas			Lipids and lipid-like molecules	Glycerolipids	Glycosylglycerols	HMDB0011127	"1,2-Di-(9Z,12Z,15Z-octadecatrienoyl)-3-(Galactosyl-alpha-1-6-Galactosyl-beta-1)-glycerol"	Glycerolipids [GL]	Glycosyldiradylglycerols [GL05]	Glycosyldiacylglycerols [GL0501]	LMGL05010084	"DGDG(18:3(9Z,12Z,15Z)/18:3(9Z,12Z,15Z))"	DGDG 36:6	DGDG 18:3/18:3	KDYAPQVYJXUQNY-YTWBPVBXNA-N	C51H84O15	M+NH4	954.6151	2	3	12	MSMS	23.23	23.23	23.23	0.1						516051.2										23.23										0.56										2										50.3				
210		DGDG 18:2_18:3 M+NH4 Atlas															GKSHYDZIFVNLSS-DYXXURTGNA-N	C51H86O15	M+NH4	956.6298	3	4	7	MSMS	20.75	20.75	20.75	0.1							141031.3										20.75										0.55										3										39.4			
