group	ISF	name	ISF of	isotope	super class (HMDB)	class (HMDB)	sub class (HMDB)	accession (HMDB)	name (HMDB)	core (LM)	main_class (LM)	sub_class (LM)	lm_id (LM)	name (LM)	abbrev (LM)	abbrev_chains (LM)	InChIKey	formula	adduct	feature_m/z	matching_peaks (median)	#lib_peaks (median)	peak_shape (median)	confidence level	Min. RT	Median RT	Max. RT	%detected	pos-blank-r001	pos-blank-r002	pos-blank-r003	pos-blank-r004	pos-blank-r005	pos-th-it1	pos-th-it2	pos-th-it3	pos-th-it4	pos-th-it5	RT_pos-blank-r001	RT_pos-blank-r002	RT_pos-blank-r003	RT_pos-blank-r004	RT_pos-blank-r005	RT_pos-th-it1	RT_pos-th-it2	RT_pos-th-it3	RT_pos-th-it4	RT_pos-th-it5	score_pos-blank-r001	score_pos-blank-r002	score_pos-blank-r003	score_pos-blank-r004	score_pos-blank-r005	score_pos-th-it1	score_pos-th-it2	score_pos-th-it3	score_pos-th-it4	score_pos-th-it5	mp_pos-blank-r001	mp_pos-blank-r002	mp_pos-blank-r003	mp_pos-blank-r004	mp_pos-blank-r005	mp_pos-th-it1	mp_pos-th-it2	mp_pos-th-it3	mp_pos-th-it4	mp_pos-th-it5	S/N_pos-blank-r001	S/N_pos-blank-r002	S/N_pos-blank-r003	S/N_pos-blank-r004	S/N_pos-blank-r005	S/N_pos-th-it1	S/N_pos-th-it2	S/N_pos-th-it3	S/N_pos-th-it4	S/N_pos-th-it5
1		Choline M MSDIAL, Choline chloride M MSDIAL			Organic nitrogen compounds	Organonitrogen compounds	Quaternary ammonium salts	HMDB0000097	Choline								OEYIOHPDSNJKLS-UHFFFAOYSA-N	C5H14NO	M	104.1070	2.0	2.0	12.0	MSMS	1.23	1.23	1.23	0.10	124030.1	105580.9	131467.8	143428.9	110943.0	16882878.0	15890533.0	16842170.0	15673043.0	15897861.0	1.23										0.78										2										45.1									
2		DIETHANOLAMINE M+H MSDIAL			Organic nitrogen compounds	Organonitrogen compounds	Amines	HMDB0004437	Diethanolamine								ZBCBWPMODOFKDW-UHFFFAOYSA-N	C4H11NO2	M+H	106.0862	2.0	3.0	12.0	MSMS	1.43	1.43	1.43	0.10	88812.2	95165.5	87105.7	89492.3	93617.4	62255.8	71095.8	67733.2	64533.7	70821.3	1.43										0.64										2										14.2									
3		Betaine M+H MSDIAL			Organic acids and derivatives	Carboxylic acids and derivatives	Amino acids, peptides, and analogues	HMDB0000043	Betaine								KWIUHFFTVRNATP-UHFFFAOYSA-N	C5H12NO2	M+H	118.0865	7.0	10.0	8.0	MSMS	21.67	21.67	21.67	0.10	72248.0	67595.7	69794.2	72749.6	70471.5	61531.4	21796.2	60209.3	65449.7	63392.7							21.67										0.85										7										2.5			
4		Methylmalonic acid M+H HMDB			Organic acids and derivatives	Carboxylic acids and derivatives	Dicarboxylic acids and derivatives	HMDB0000202	Methylmalonic acid	Fatty Acyls [FA]	Fatty Acids and Conjugates [FA01]	Dicarboxylic acids [FA0117]	LMFA01170118	Methylmalonic acid	FA 4:1;O2		ZIYVHBGGAOATLY-UHFFFAOYSA-N	C4H6O4	M+H	119.0338	4.0	10.0	12.0	MSMS	1.75	1.75	1.75	0.10	1845.6	738.0	772.9	1432.4	786.0	59837.4	53199.9	52911.0	58302.2	60642.7						1.75										0.62										4										15.0				
5		Indoline M+H MSDIAL			Organoheterocyclic compounds	Indoles and derivatives	Indolines	HMDB0253472	Indoline								LPAGFVYQRIESJQ-UHFFFAOYSA-N	C8H9N	M+H	120.0808	1.0	1.0	6.0	MSMS	2.65	2.65	2.65	0.10	13707.2	11825.9	12574.7	13151.5	11934.2	293869.9	322721.8	318624.5	303201.1	329466.8						2.65										0.55										1										6.6				
6		PHENYLETHANOLAMINE M-H2O+H MSDIAL			Organic nitrogen compounds	Organonitrogen compounds	Amines	HMDB0001065	2-Hydroxyphenethylamine								ULSIYEODSMZIPX-UHFFFAOYSA-N	C8H11NO	M-H2O+H	120.0808	3.0	7.0	12.0	MSMS	2.06	2.06	2.06	0.10	11616.8	11760.3	12626.9	12401.5	12711.2	256056.3	287739.3	299068.0	313771.3	290917.8						2.06										0.70										3										19.5				
7		Tyramine M+H-NH3 MSDIAL			Benzenoids	Benzene and substituted derivatives	Phenethylamines	HMDB0000306	Tyramine								DZGWFCGJZKJUFP-UHFFFAOYSA-N	C8H11NO	M+H-NH3	121.0648	8.0	10.0	12.0	MSMS	4.97	4.97	4.97	0.10	36094.6	33419.0	36751.3	35500.6	33301.7	128591.9	164324.0	162324.4	157639.3	161165.6						4.97										0.81										8										5.7				
8		1,2,3-Trihydroxybenzene M+H HMDB			Benzenoids	Phenols	Benzenetriols and derivatives	HMDB0013674	1,2,3-Trihydroxybenzene								WQGWDDDVZFFDIG-UHFFFAOYSA-N	C6H6O3	M+H	127.0392	3.0	7.0	12.0	MSMS	6.18	6.18	6.18	0.10	2667.8	4573.6	4715.4	4908.8	6044.2	101175.1	76822.5	101427.5	101910.7	104057.3							6.18										0.66										3										6.7			
9		Pyroglutamic acid M+H MSDIAL			Organic acids and derivatives	Carboxylic acids and derivatives	Amino acids, peptides, and analogues	HMDB0000267	Pyroglutamic acid								ODHCTXKNWHHXJC-VKHMYHEASA-N	C5H7NO3	M+H	130.0499	2.0	4.0	12.0	MSMS	1.35	1.35	1.35	0.10	17132.8	19455.5	19624.4	18007.8	17720.6	248989.3	263316.1	244520.9	262306.6	260794.7								1.35										0.71										2										17.9		
10		PIPECOLIC ACID M+H MSDIAL			Organic acids and derivatives	Carboxylic acids and derivatives	Amino acids, peptides, and analogues	HMDB0000070	Pipecolic acid								HXEACLLIILLPRG-UHFFFAOYSA-N	C6H11NO2	M+H	130.0861	8.0	10.0	12.0	MSMS	1.37	1.37	1.37	0.10	11921.0	11892.9	14130.5	14442.4	14056.0	279705.9	364357.8	337056.3	333132.9	343478.2						1.37										0.91										8										69.5				
11		TRANS-CINNAMATE M-H2O+H MSDIAL			Phenylpropanoids and polyketides	Cinnamic acids and derivatives	Cinnamic acids	HMDB0000930	trans-Cinnamic acid								WBYWAXJHAXSJNI-VOTSOKGWSA-N	C9H8O2	M-H2O+H	131.0494	1.0	4.0	7.0	MSMS	5.38	5.38	5.38	0.10	3345.8	2856.1	2564.7	2018.3	2491.7	46813.8	43507.3	44495.1	47663.4	44713.9								5.38										0.64										1										19.3		
12		N-ACETYLPUTRESCINE M+H MSDIAL			Organic acids and derivatives	Carboximidic acids and derivatives	Carboximidic acids	HMDB0002064	N-Acetylputrescine								KLZGKIDSEJWEDW-UHFFFAOYSA-N	C6H14N2O	M+H	131.1179	4.0	7.0	12.0	MSMS	1.34	1.34	1.34	0.10	7633.1	9437.8	9243.7	9826.9	7008.1	344272.5	403179.4	394815.8	387880.2	386900.2						1.34										0.78										4										24.4				
13		cuminyl alcohol M+H-H2O MSDIAL			Lipids and lipid-like molecules	Prenol lipids	Monoterpenoids	HMDB0031817	Cuminyl alcohol								OIGWAXDAPKFNCQ-UHFFFAOYSA-N	C10H14O	M+H-H2O	133.1010	5.0	9.0	12.0	MSMS	6.99	6.99	6.99	0.10	11461.9	6413.9	8341.6	9648.0	8476.0	150783.5	200051.0	189690.3	194313.0	184630.9						6.99										0.62										5										15.8				
14		2-Phenylacetamide M+H HMDB			Benzenoids	Benzene and substituted derivatives	Phenylacetamides	HMDB0010715	2-Phenylacetamide								LSBDFXRDZJMBSC-UHFFFAOYSA-N	C8H9NO	M+H	136.0760	2.0	5.0	11.0	MSMS	1.66	1.66	1.66	0.10	2183.0	2218.3	2307.9	1471.3	1923.7	70811.8	47071.8	73207.0	78494.3	78682.1							1.66										0.56										2										23.8			
15		Limonene M+H FiehnHILIC			Lipids and lipid-like molecules	Prenol lipids	Monoterpenoids	HMDB0003375 --- HMDB0004321 --- HMDB0032473	(+)-Limonene --- (-)-Limonene --- Polylimonene	Prenol Lipids [PR]	Isoprenoids [PR01]	C10 isoprenoids (monoterpenes) [PR0102]	LMPR0102090002 --- LMPR0102090013	(+)-Limonene --- (-)-Limonene			XMGQYMWWDOXHJM-UHFFFAOYNA-N	C10H16	M+H	137.1324	2.0	2.0	8.0	MSMS	7.01	7.01	7.01	0.10	4085.7	4821.7	5726.0	5655.4	4413.6	62052.6	63300.6	66598.9	49286.3	59723.1									7.01										0.55										2										14.0	
16		Tyramine M+H HMDB			Benzenoids	Benzene and substituted derivatives	Phenethylamines	HMDB0000306	Tyramine								DZGWFCGJZKJUFP-UHFFFAOYSA-N	C8H11NO	M+H	138.0913	6.0	10.0	12.0	MSMS	1.59	1.59	1.59	0.10	1913.2	1856.1	2379.5	2548.0	1834.7	536943.1	563615.2	533425.1	550473.9	537850.6						1.59										0.89										6										1296.8				
17		Fumaric acid M+Na MSDIAL			Organic acids and derivatives	Carboxylic acids and derivatives	Dicarboxylic acids and derivatives	HMDB0000134	Fumaric acid								VZCYOOQTPOCHFL-OWOJBTEDSA-N	C4H4O4	M+Na	139.0027	3.0	8.0	12.0	MSMS	1.61	1.61	1.61	0.10	1229.2	1941.1	1494.0	2267.7	2134.1	204196.3	275526.0	281044.5	265795.0	271558.2						1.61										0.67										3										13.1				
18		Salicylic acid M+H MSDIAL			Benzenoids	Benzene and substituted derivatives	Benzoic acids and derivatives	HMDB0001895	Salicylic acid								YGSDEFSMJLZEOE-UHFFFAOYSA-N	C7H6O3	M+H	139.0385	5.0	10.0	9.0	MSMS	2.10	2.10	2.10	0.10	8923.1	10550.5	9050.2	7466.0	7364.4	27648.2	30011.5	21358.1	29670.4	27202.0								2.10										0.67										5										15.7		
19		Salicylic acid M+H HMDB			Benzenoids	Benzene and substituted derivatives	Benzoic acids and derivatives	HMDB0001895	Salicylic acid								YGSDEFSMJLZEOE-UHFFFAOYSA-N	C7H6O3	M+H	139.0391	3.0	8.0	12.0	MSMS	5.19	5.19	5.19	0.10	8081.7	8482.8	9521.3	8244.9	8515.1	229001.6	206776.0	217698.6	215187.8	210762.8						5.19										0.68										3										17.3				
20		Benzoic acid M+Na MSDIAL			Benzenoids	Benzene and substituted derivatives	Benzoic acids and derivatives	HMDB0001870	Benzoic acid								WPYMKLBDIGXBTP-UHFFFAOYSA-N	C7H6O2	M+Na	145.0284	1.0	1.0	12.0	MSMS	5.95	5.95	5.95	0.10	37277.7	39488.1	39434.5	41301.0	38318.0	127737.8	116307.5	137926.1	132345.4	132971.5							5.95										0.89										1										27.9			
21		Spermidine M+H HMDB			Organic nitrogen compounds	Organonitrogen compounds	Amines	HMDB0001257	Spermidine								ATHGHQPFGPMSJY-UHFFFAOYSA-N	C7H19N3	M+H	146.1650	5.0	10.0	12.0	MSMS	1.13	1.13	1.13	0.10	6058.5	7351.0	8115.9	6073.5	8454.1	205647.3	195541.2	199106.8	190154.5	200358.5						1.13										0.88										5										316.4				
22		Coumaric acid (isomer of 189, 194) M+H-H2O MSDIAL			Phenylpropanoids and polyketides	Cinnamic acids and derivatives	Hydroxycinnamic acids and derivatives	HMDB0002035 --- HMDB0030677	4-Hydroxycinnamic acid --- cis-p-Coumaric acid								NGSWKAQJJWESNS-UHFFFAOYSA-N	C9H8O3	M+H-H2O	147.0438	4.0	5.0	8.0	MSMS	6.35	6.35	6.35	0.10	1508.7	1947.4	2145.2	1545.4	1499.7	59621.1	63817.1	62952.3	70612.6	38275.5										6.35										0.68										4										4.6
23		Coumarin M+H HMDB			Phenylpropanoids and polyketides	Coumarins and derivatives		HMDB0001218	Coumarin								ZYGHJZDHTFUPRJ-UHFFFAOYSA-N	C9H6O2	M+H	147.0439	3.0	10.0	12.0	MSMS	7.22	7.22	7.22	0.10	2310.9	2048.2	2485.4	1762.4	1715.7	85040.7	95977.3	85356.2	86082.6	91736.9									7.22										0.69										3										16.7	
24		Coumaric acid (isomer of 189, 194) M+H-H2O MSDIAL			Phenylpropanoids and polyketides	Cinnamic acids and derivatives	Hydroxycinnamic acids and derivatives	HMDB0002035 --- HMDB0030677	4-Hydroxycinnamic acid --- cis-p-Coumaric acid								NGSWKAQJJWESNS-UHFFFAOYSA-N	C9H8O3	M+H-H2O	147.0442	4.0	5.0	12.0	MSMS	5.52	5.52	5.52	0.10	2165.3	1672.9	1709.7	1119.9	1108.2	880494.9	836476.8	871513.7	850799.0	854216.8						5.52										0.72										4										29.4				
25		Coumaric acid (isomer of 189, 194) M+H-H2O MSDIAL			Phenylpropanoids and polyketides	Cinnamic acids and derivatives	Hydroxycinnamic acids and derivatives	HMDB0002035 --- HMDB0030677	4-Hydroxycinnamic acid --- cis-p-Coumaric acid								NGSWKAQJJWESNS-UHFFFAOYSA-N	C9H8O3	M+H-H2O	147.0443	4.0	5.0	12.0	MSMS	14.20	14.20	14.20	0.10	1989.9	2163.8	1312.8	1551.7	1529.7	36716.6	39038.6	42510.5	40500.9	42343.5						14.20										0.69										4										102.5				
26		Glutamine M+H FiehnHILIC			Organic acids and derivatives	Carboxylic acids and derivatives	Amino acids, peptides, and analogues	HMDB0000641 --- HMDB0003423	D-Glutamine --- L-Glutamine								ZDXPYRJPNDTMRX-UHFFFAOYNA-N	C5H10N2O3	M+H	147.0766	7.0	10.0	12.0	MSMS	1.35	1.35	1.35	0.10	9114.3	8013.1	10263.4	11803.0	9214.8	345698.6	322213.6	337898.0	358950.3	341823.7									1.35										0.81										7										78.9	
27		Glutamic acid; LC-ESI-QTOF; MS2; CE M+H MassBank			Organic acids and derivatives	Carboxylic acids and derivatives	Amino acids, peptides, and analogues	HMDB0000148 --- HMDB0003339 --- HMDB0060475	D-Glutamic acid --- DL-Glutamate --- L-Glutamic acid								WHUUTDBJXJRKMK-UHFFFAOYNA-N	C5H9NO4	M+H	148.0604	3.0	5.0	12.0	MSMS	1.26	1.26	1.26	0.10	32414.8	39808.9	42372.9	43747.0	36777.6	1652772.5	1592307.4	1533961.2	1587220.1	1564870.0	1.26										0.81										3										17.1									
28		Phthalic anhydride M+H HMDB			Organoheterocyclic compounds	Benzofurans	Benzofuranones	HMDB0256501	Phthalic anhydride								LGRFSURHDFAFJT-UHFFFAOYSA-N	C8H4O3	M+H	149.0233	2.0	5.0	12.0	MSMS	17.44	17.44	17.44	0.10	226094.0	218769.1	218540.9	213498.2	221327.8	227687.0	230976.9	228780.7	224821.4	230976.2	17.44										0.53										2										18.1									
29		Phentermine M+H MSDIAL			Benzenoids	Benzene and substituted derivatives	Phenethylamines	HMDB0014337	Phentermine								DHHVAGZRUROJKS-UHFFFAOYSA-N	C10H15N	M+H	150.1125	9.0	10.0	12.0	MSMS	1.43	1.43	1.43	0.10	82010.7	86834.8	88032.8	86484.1	91326.8	69708.9	73098.9	70174.3	72947.0	66578.2	1.43										0.88										9										14.2									
30		1-(4-methoxyphenyl)ethanone M+H MSDIAL			Organic oxygen compounds	Organooxygen compounds	Carbonyl compounds	HMDB0032570	4'-Methoxyacetophenone								NTPLXRHDUXRPNE-UHFFFAOYSA-N	C9H10O2	M+H	151.0755	1.0	1.0	12.0	MSMS	7.28	7.28	7.28	0.10	5895.3	5956.1	6295.5	5920.2	5556.5	108951.7	113633.2	119365.0	120126.2	123136.4						7.28										0.52										1										41.9				
31		2-hydroxybenzothiazole M+H MSDIAL			Organoheterocyclic compounds	Benzothiazoles		HMDB0249030	2(3H)-Benzothiazolone								YEDUAINPPJYDJZ-UHFFFAOYSA-N	C7H5NOS	M+H	152.0164	10.0	10.0	12.0	MSMS	8.81	8.81	8.81	0.10	33260.6	33939.0	36029.6	37211.6	36112.0	4687.6	6158.9	6587.8	9542.6	8984.2	8.81										0.87										10										8176.1									
32		Xanthine M+H HMDB			Organoheterocyclic compounds	Imidazopyrimidines	Purines and purine derivatives	HMDB0000292	Xanthine								LRFVTYWOQMYALW-UHFFFAOYSA-N	C5H4N4O2	M+H	153.0409	1.0	1.0	12.0	MSMS	1.63	1.63	1.63	0.10	8259.8	9574.9	9749.1	8623.3	8245.9	78810.5	43532.3	78142.0	69940.6	82357.4							1.63										0.68										1										13495.0			
33		10-HYDROXYDECANOATE M-2H2O+H MSDIAL			Organic acids and derivatives	Hydroxy acids and derivatives	Medium-chain hydroxy acids and derivatives	HMDB0244272	10-Hydroxydecanoic acid	Fatty Acyls [FA]	Fatty Acids and Conjugates [FA01]	Hydroxy fatty acids [FA0105]	LMFA01050033	10-hydroxy capric acid	FA 10:0;O		YJCJVMMDTBEITC-UHFFFAOYSA-N	C10H20O3	M-2H2O+H	153.1275	5.0	10.0	10.0	MSMS	6.71	6.71	6.71	0.10	7489.2	7015.1	7602.5	8532.3	8172.0	124400.8	549891.0	503922.8	527584.8	514290.0						6.71										0.50										5										2.9				
34		"""2,3-DIHYDROXYBENZOATE"" M+H MSDIAL"			Benzenoids	Benzene and substituted derivatives	Benzoic acids and derivatives	HMDB0000397	2-Pyrocatechuic acid								GLDQAMYCGOIJDV-UHFFFAOYSA-N	C7H6O4	M+H	155.0339	5.0	10.0	12.0	MSMS	4.88	4.88	4.88	0.10	3430.0	2061.8	1437.4	2383.1	2878.2	135076.2	160918.1	155392.4	151615.0	153821.9						4.88										0.77										5										6.2				
35		"""2,3-DIHYDROXYBENZOATE"" M+H MSDIAL"			Benzenoids	Benzene and substituted derivatives	Benzoic acids and derivatives	HMDB0000397	2-Pyrocatechuic acid								GLDQAMYCGOIJDV-UHFFFAOYSA-N	C7H6O4	M+H	155.0341	8.0	10.0	11.0	MSMS	5.43	5.43	5.43	0.10	2696.2	1667.9	2767.0	2222.0	2055.0	45137.7	46530.1	47635.5	52268.6	48039.0							5.43										0.83										8										24.0			
36		Aconitic acid (not validated, isomer of 273) M+H-H2O MSDIAL			Organic acids and derivatives	Carboxylic acids and derivatives	Tricarboxylic acids and derivatives	HMDB0247961	Aconitic acid								GTZCVFVGUGFEME-UHFFFAOYSA-N	C6H6O6	M+H-H2O	157.0144	4.0	6.0	12.0	MSMS	1.54	1.54	1.54	0.10	5761.0	5098.0	5151.3	6141.5	4363.4	272086.8	265990.0	268821.9	259824.5	263719.0						1.54										0.82										4										35.3				
37		CAFFEATE M-H2O+H MSDIAL			Phenylpropanoids and polyketides	Cinnamic acids and derivatives	Hydroxycinnamic acids and derivatives	HMDB0003501	cis-Caffeic acid								QAIPRVGONGVQAS-RQOWECAXSA-N	C9H8O4	M-H2O+H	163.0389	6.0	9.0	12.0	MSMS	6.46	6.46	6.46	0.10	4566.4	3997.2	6562.3	4732.4	5261.6	879449.1	910704.8	921414.6	925709.1	941232.4						6.46										0.77										6										13.2				
38		Rosmarinic acid (not validated) M+H-C9H10O5 MSDIAL			Phenylpropanoids and polyketides	Cinnamic acids and derivatives	Hydroxycinnamic acids and derivatives	HMDB0257311	Rosmarinate								DOUMFZQKYFQNTF-UHFFFAOYSA-N	C18H16O8	M+H-C9H10O5	163.0390	6.0	8.0	5.0	MSMS	6.00	6.00	6.00	0.10	3186.9	4571.9	4149.4	5165.0	4821.7	197328.5	228852.7	247454.6	252592.8	254002.6						6.00										0.76										6										2.4				
39		Rosmarinic acid (not validated) M+H-C9H10O5 MSDIAL			Phenylpropanoids and polyketides	Cinnamic acids and derivatives	Hydroxycinnamic acids and derivatives	HMDB0257311	Rosmarinate								DOUMFZQKYFQNTF-UHFFFAOYSA-N	C18H16O8	M+H-C9H10O5	163.0391	6.0	8.0	12.0	MSMS	7.24	7.24	7.24	0.10	16026.9	16455.1	17608.4	16334.6	16637.8	2198551.8	2279225.5	2285994.5	2405819.5	2262154.0						7.24										0.78										6										8.7				
40		CAFFEATE M-H2O+H MSDIAL			Phenylpropanoids and polyketides	Cinnamic acids and derivatives	Hydroxycinnamic acids and derivatives	HMDB0003501	cis-Caffeic acid								QAIPRVGONGVQAS-RQOWECAXSA-N	C9H8O4	M-H2O+H	163.0391	5.0	9.0	12.0	MSMS	8.23	8.23	8.23	0.10	83879.1	95614.1	100197.3	108933.0	84438.4	21075490.0	20617398.0	21045260.0	21171252.0	20748708.0	8.23										0.81										5										39.8									
41		Valerophenone M+H MSDIAL			Organic oxygen compounds	Organooxygen compounds	Carbonyl compounds	HMDB0031208	1-Phenyl-1-pentanone								XKGLSKVNOSHTAD-UHFFFAOYSA-N	C11H14O	M+H	163.1118	3.0	6.0	11.0	MSMS	11.00	11.00	11.00	0.10	24436.0	27698.9	29855.9	30596.1	31138.0	37807.2	39002.4	28101.2	34161.8	37369.2	11.00										0.52										3										18.5									
42		3-Hydroxycinnamic acid M+H MSDIAL			Phenylpropanoids and polyketides	Cinnamic acids and derivatives	Hydroxycinnamic acids and derivatives	HMDB0001713	m-Coumaric acid								KKSDGJDHHZEWEP-UHFFFAOYSA-N	C9H8O3	M+H	165.0545	2.0	6.0	11.0	MSMS	5.55	5.55	5.55	0.10	3308.5	3045.2	3583.5	3404.4	3459.3	64237.8	72681.3	58082.0	60263.6	61880.7							5.55										0.73										2										13.5			
43		2-Phenylbutyric acid M+H HMDB			Benzenoids	Benzene and substituted derivatives	Phenylpropanes	HMDB0000329	2-Phenylbutyric acid								OFJWFSNDPCAWDK-UHFFFAOYSA-N	C10H12O2	M+H	165.0912	2.0	3.0	12.0	MSMS	7.83	7.83	7.83	0.10	14660.2	14609.6	15321.6	15433.4	15426.1	33076.3	28657.9	40775.9	28633.3	22591.4										7.83										0.53										2										6.0
44		L-Phenylalanine M+H HMDB			Organic acids and derivatives	Carboxylic acids and derivatives	Amino acids, peptides, and analogues	HMDB0000159	L-Phenylalanine								COLNVLDHVKWLRT-QMMMGPOBSA-N	C9H11NO2	M+H	166.0864	5.0	6.0	12.0	MSMS	2.06	2.06	2.06	0.10	5202.6	5601.1	6743.8	7347.0	7167.1	1365688.6	1500360.1	1553442.1	1642987.1	1515942.5						2.06										0.95										5										22.9				
45		2(3H)-Benzothiazolethione M+H HMDB			Organoheterocyclic compounds	Benzothiazoles		HMDB0030524	2(3H)-Benzothiazolethione								YXIWHUQXZSMYRE-UHFFFAOYSA-N	C7H5NS2	M+H	167.9936	5.0	10.0	12.0	MSMS	10.00	10.00	10.00	0.10	24867.7	30150.8	30208.4	30973.3	32204.6	4126.5	2211.9	4380.5	12176.6	12167.8	10.00										0.57										5										31.9									
46		vanillic acid M+H MSDIAL			Benzenoids	Benzene and substituted derivatives	Benzoic acids and derivatives	HMDB0000484	Vanillic acid								WKOLLVMJNQIZCI-UHFFFAOYSA-N	C8H8O4	M+H	169.0494	2.0	3.0	7.0	MSMS	2.12	2.12	2.12	0.10	6352.0	5702.4	5889.0	4700.8	4547.9	43918.6	30247.7	31179.5	25165.0	34321.3									2.12										0.52										2										7.5	
47		Pyridoxine M+H HMDB			Organoheterocyclic compounds	Pyridines and derivatives	Pyridoxines	HMDB0000239	Pyridoxine								LXNHXLLTXMVWPM-UHFFFAOYSA-N	C8H11NO3	M+H	170.0816	3.0	5.0	10.0	MSMS	1.36	1.36	1.36	0.10	1394.5	1099.5	1736.6	1582.5	1110.5	76351.2	60506.1	88860.4	72862.2	86730.3							1.36										0.78										3										18793.4			
48		gamma-Decalactone M+H MSDIAL			Organoheterocyclic compounds	Lactones	Gamma butyrolactones	HMDB0037217	xi-5-Hexyldihydro-2(3H)-furanone								IFYYFLINQYPWGJ-UHFFFAOYSA-N	C10H18O2	M+H	171.1380	6.0	10.0	12.0	MSMS	7.50	7.50	7.50	0.10	6222.1	6489.0	5514.4	5713.1	6159.9	76101.3	74366.5	69588.6	64159.5	47825.1										7.50										0.54										6										17.0
49		N-Acetyl-ornithine; CE30; JRLGPAXAGHMNOL-LURJTMIESA-N M+H MSDIAL			Organic acids and derivatives	Carboxylic acids and derivatives	Amino acids, peptides, and analogues	HMDB0003357	N2-Acetylornithine								JRLGPAXAGHMNOL-LURJTMIESA-N	C7H14N2O3	M+H	175.1077	1.0	10.0	12.0	MSMS	1.35	1.35	1.35	0.10	6844.2	5099.6	5566.2	5329.6	3892.4	560296.2	637101.8	642070.4	616813.7	629854.2						1.35										0.66										1										30.5				
50		FERULATE M-H2O+H MSDIAL			Phenylpropanoids and polyketides	Cinnamic acids and derivatives	Hydroxycinnamic acids and derivatives	HMDB0000954	Ferulic acid								KSEBMYQBYZTDHS-HWKANZROSA-N	C10H10O4	M-H2O+H	177.0544	5.0	8.0	12.0	MSMS	7.54	7.54	7.54	0.10	6410.2	4578.7	6291.9	4955.6	5294.7	157724.5	199803.3	194718.4	202978.7	188380.1						7.54										0.73										5										8.2				
51		FERULATE M-H2O+H MSDIAL			Phenylpropanoids and polyketides	Cinnamic acids and derivatives	Hydroxycinnamic acids and derivatives	HMDB0000954	Ferulic acid								KSEBMYQBYZTDHS-HWKANZROSA-N	C10H10O4	M-H2O+H	177.0546	3.0	8.0	12.0	MSMS	8.13	8.13	8.13	0.10	10372.1	5503.3	6687.0	5630.3	5963.6	168661.4	250827.2	254664.7	240217.9	247670.6						8.13										0.78										3										188.0				
52		trans-Ferulic acid; [M+H-H2O]+; CE30; KSEBMYQBYZTDHS-HWKANZROSA-N M+H-H2O MSDIAL			Phenylpropanoids and polyketides	Cinnamic acids and derivatives	Hydroxycinnamic acids and derivatives	HMDB0000954	Ferulic acid								KSEBMYQBYZTDHS-HWKANZROSA-N	C10H10O4	M+H-H2O	177.0549	9.0	10.0	12.0	MSMS	5.92	5.92	5.92	0.10	5771.2	8750.8	9941.7	10411.6	9091.6	4588944.0	4382137.0	4458941.0	4495807.5	4425645.5						5.92										0.89										9										86.8				
52	*	ISF of (trans-Ferulic acid; [M+H-H2O]+; CE30; KSEBMYQBYZTDHS-HWKANZROSA-N M+H-H2O MSDIAL)																		149.0599	4.0		12.0	MS1	5.92	5.92	5.92	0.10	2749.6	3251.3	3335.2	2940.6	2970.7	110473.8	96086.5	98381.8	114796.6	113286.9						5.92										0.80										4										15.6				
53		trans-Ferulic acid; [M+H-H2O]+; CE30; KSEBMYQBYZTDHS-HWKANZROSA-N M+H-H2O MSDIAL			Phenylpropanoids and polyketides	Cinnamic acids and derivatives	Hydroxycinnamic acids and derivatives	HMDB0000954	Ferulic acid								KSEBMYQBYZTDHS-HWKANZROSA-N	C10H10O4	M+H-H2O	177.0549	4.0	10.0	12.0	MSMS	9.17	9.17	9.17	0.10	5755.0	5719.8	7344.7	5950.5	5530.5	489288.6	594306.8	608858.6	558797.7	606994.3						9.17										0.68										4										14.2				
54		5-Phenylvaleric acid M+H HMDB			Lipids and lipid-like molecules	Fatty Acyls	Fatty acids and conjugates	HMDB0002043	5-Phenylvaleric acid								BYHDDXPKOZIZRV-UHFFFAOYSA-N	C11H14O2	M+H	179.1068	2.0	10.0	12.0	MSMS	13.25	13.25	13.25	0.10	22151.2	37261.2	34811.5	36160.6	35162.4	31205.1	31117.6	25586.0	29286.9	29907.4	13.25										0.55										2										11.2									
55		Triglyme M+H MSDIAL															YFNKIDBQEZZDLK-UHFFFAOYSA-N	C8H18O4	M+H	179.1278	1.0	3.0	8.0	MSMS	4.92	4.92	4.92	0.10	728.6	391.0	461.4	954.2	885.3	41517.9	39218.4	49332.6	42239.2	41143.3								4.92										0.60										1										75.5		
56		Caffeic acid M+H MSDIAL			Phenylpropanoids and polyketides	Cinnamic acids and derivatives	Hydroxycinnamic acids and derivatives	HMDB0001964	Caffeic acid								QAIPRVGONGVQAS-DUXPYHPUSA-N	C9H8O4	M+H	181.0496	6.0	10.0	7.0	MSMS	8.24	8.24	8.24	0.10	7641.5	7035.7	9509.9	8404.2	7322.6	1063945.6	1203884.4	1201977.0	1179668.0	1220768.5						8.24										0.77										6										14.7				
56	*	ISF of (Caffeic acid M+H MSDIAL)																		135.0441	4.0		12.0	MS1	8.22	8.22	8.22	0.10	5130.0	5354.7	5174.7	5221.2	4872.8	811494.1	848894.0	836898.2	857938.5	842692.2						8.22										0.62										4										24.2				
57		Caffeic acid M+H MSDIAL			Phenylpropanoids and polyketides	Cinnamic acids and derivatives	Hydroxycinnamic acids and derivatives	HMDB0001964	Caffeic acid								QAIPRVGONGVQAS-DUXPYHPUSA-N	C9H8O4	M+H	181.0497	8.0	10.0	9.0	MSMS	9.41	9.41	9.41	0.10	2153.0	2192.5	2786.0	1127.9	2221.5	141935.6	233681.1	234006.3	225521.1	219484.4						9.41										0.72										8										6.6				
58		Prednisolone M+2H MSDIAL			Lipids and lipid-like molecules	Steroids and steroid derivatives	Hydroxysteroids	HMDB0014998	Prednisolone	Sterols [ST]	Steroids [ST02]	C21 steroids (gluco/mineralocorticoids, progestogins) and derivatives [ST0203]	LMST02030179	prednisolone	ST 21:4;O5		OIGNJSKKLXVSLS-VWUMJDOOSA-N	C21H28O5	M+2H	181.1017	4.0	10.0	12.0	MSMS	20.95	20.95	20.95	0.10	964.7	0.0	539.3	1512.4	627.5	254754.2	264517.4	267666.6	265856.6	258761.0							20.95										0.85										4										149.4			
59		L-Tyrosine M+H MSDIAL			Organic acids and derivatives	Carboxylic acids and derivatives	Amino acids, peptides, and analogues	HMDB0000158	L-Tyrosine								OUYCCCASQSFEME-QMMMGPOBSA-N	C9H11NO3	M+H	182.0813	6.0	10.0	12.0	MSMS	1.61	1.61	1.61	0.10	6877.9	5504.4	6079.7	7313.8	6794.7	714413.5	696763.4	699295.8	713583.0	714323.4						1.61										0.78										6										1048.8				
60		PHOSPHOCHOLINE CHLORIDE M+H MSDIAL															PYJNAPOPMIJKJZ-UHFFFAOYSA-N	C5H15ClNO4P	M+H	184.0732	6.0	10.0	8.0	MSMS	1.34	1.34	1.34	0.10	3619.6	2722.4	4496.3	3107.9	3129.5	68802.3	72827.6	68946.2	66350.1	64828.6										1.34										0.67										6										20.0
61		Angelicin M+H MSDIAL			Phenylpropanoids and polyketides	Coumarins and derivatives	Furanocoumarins	HMDB0033930	Angelicin								XDROKJSWHURZGO-UHFFFAOYSA-N	C11H6O3	M+H	187.0401	3.0	6.0	6.0	MSMS	7.09	7.09	7.09	0.10	306.2	1319.7	555.8	903.3	942.2	62472.4	67386.0	58155.1	62506.0	67325.7										7.09										0.65										3										19.2
62		N6-Acetyl-L-lysine; CE30; DTERQYGMUDWYAZ-ZETCQYMHSA-N M+H MSDIAL			Organic acids and derivatives	Carboxylic acids and derivatives	Amino acids, peptides, and analogues	HMDB0000206	N6-Acetyl-L-lysine								DTERQYGMUDWYAZ-ZETCQYMHSA-N	C8H16N2O3	M+H	189.1246	3.0	4.0	12.0	MSMS	1.36	1.36	1.36	0.10	1461.1	3019.9	2217.7	2086.3	1910.2	100014.1	90126.9	97491.1	101387.5	99990.0							1.36										0.58										3										107.7			
63		Kynurenic acid M+H MSDIAL			Organoheterocyclic compounds	Quinolines and derivatives	Quinoline carboxylic acids	HMDB0000715	Kynurenic acid								HCZHHEIFKROPDY-UHFFFAOYSA-N	C10H7NO3	M+H	190.0502	10.0	10.0	12.0	MSMS	5.22	5.22	5.22	0.10	909.3	668.3	916.9	620.6	274.2	345554.2	341000.9	343688.1	352704.1	344865.2						5.22										0.76										10										76.5				
64		Diethyltoluamide M+H HMDB			Benzenoids	Benzene and substituted derivatives	Toluenes	HMDB0250930	Diethyltoluamide								MMOXZBCLCQITDF-UHFFFAOYSA-N	C12H17NO	M+H	192.1382	1.0	6.0	12.0	MSMS	11.57	11.57	11.57	0.10	17439.1	13877.9	17104.5	16330.0	16377.5	12273.1	16477.2	15950.4	14271.9	12492.3		11.57										0.67										1										26.2								
65		trans-Ferulic acid M+H MSDIAL			Phenylpropanoids and polyketides	Cinnamic acids and derivatives	Hydroxycinnamic acids and derivatives	HMDB0000954	Ferulic acid								KSEBMYQBYZTDHS-HWKANZROSA-N	C10H10O4	M+H	195.0650	1.0	2.0	12.0	MSMS	17.71	17.71	17.71	0.10	1285.5	1391.5	2215.6	2527.0	2037.4	31314.7	42606.0	39553.9	39828.7	36970.3						17.71										0.61										1										30.5				
66		(2E)-3-(4-hydroxy-3-methoxyphenyl)-2-propenoic acid M+H MSDIAL			Phenylpropanoids and polyketides	Cinnamic acids and derivatives	Hydroxycinnamic acids and derivatives	HMDB0000954	Ferulic acid								KSEBMYQBYZTDHS-HWKANZROSA-N	C10H10O4	M+H	195.0651	1.0	1.0	12.0	MSMS	8.14	8.14	8.14	0.10	3091.4	2642.6	3277.0	2543.8	2167.8	59056.0	55056.0	57248.0	41857.8	56021.6									8.14										0.56										1										11199.3	
67		Ferulic acid M+H MSDIAL			Phenylpropanoids and polyketides	Cinnamic acids and derivatives	Hydroxycinnamic acids and derivatives	HMDB0000954 --- HMDB0240705	Ferulic acid --- cis-Ferulic acid								KSEBMYQBYZTDHS-UHFFFAOYSA-N	C10H10O4	M+H	195.0652	5.0	10.0	12.0	MSMS	5.95	5.95	5.95	0.10	5036.3	5471.2	4613.8	4264.5	4701.9	149973.7	157599.1	163936.9	145760.9	156152.6						5.95										0.79										5										31.1				
67	*	ISF of (Ferulic acid M+H MSDIAL)																		149.0599	3.0		12.0	MS1	5.92	5.92	5.92	0.10	2749.6	3251.3	3335.2	2940.6	2970.7	110473.8	96086.5	98381.8	114796.6	113286.9						5.92										0.79										3										15.6				
68		Prespatane M+H MSDIAL															KZVOHANKAKKFOK-MTWVNVMRSA-N	C15H24	M+H	205.1951	10.0	10.0	12.0	MSMS	21.06	21.06	21.06	0.10	1657.2	3263.7	2417.7	1475.3	988.1	210146.4	198440.2	216314.9	218741.8	208232.9						21.06										0.94										10										8.4				
69		Prespatane M+H MSDIAL															KZVOHANKAKKFOK-MTWVNVMRSA-N	C15H24	M+H	205.1953	10.0	10.0	12.0	MSMS	18.56	18.56	18.56	0.10	4553.8	4341.1	5768.9	6404.3	6312.8	2907304.5	3166186.0	3173779.2	3136190.2	3148640.5						18.56										0.87										10										44.3				
70		Prespatane M+H MSDIAL															KZVOHANKAKKFOK-MTWVNVMRSA-N	C15H24	M+H	205.1956	10.0	10.0	7.0	MSMS	18.01	18.01	18.01	0.10	10656.5	11697.6	12333.3	12562.2	13421.2	20559354.0	23872194.0	24001978.0	23644336.0	23732924.0						18.01										0.88										10										67.2				
71		delta-Tridecalactone M+H MSDIAL															RZZLMGATMUAJPX-UHFFFAOYSA-N	C13H24O2	M+H	213.1848	4.0	10.0	7.0	MSMS	12.67	12.67	12.67	0.10	27552.5	19496.0	29883.2	28278.5	26577.8	26546.7	28558.9	28364.0	27757.5	26078.0		12.67										0.54										4										9.3								
72		NCGC00179861-02_C15H26O2_1,8-Azulenediol, 1,2,3,3a,4,7,8,8a-octahydro-3a,6-dimethyl-1-(1-methylethyl)-, (1R,3aR,8S,8aS)- M-H2O+H MSDIAL															SUAPQGLGNKUSLY-LJISPDSOSA-N	C15H26O2	M-H2O+H	221.1899	5.0	10.0	12.0	MSMS	10.70	10.70	10.70	0.10	3481.1	4457.6	5381.2	3808.9	4785.7	246733.9	250792.8	263441.7	267620.4	259311.0						10.70										0.57										5										9.2				
73		(1R,4R,6R,10S)-4,12,12-trimethyl-9-methylene-5-oxatricyclo[8.2.0.0~4,6~]dodecane M+H MSDIAL			Lipids and lipid-like molecules	Prenol lipids	Sesquiterpenoids	HMDB0036789	Caryophyllene alpha-oxide								NVEQFIOZRFFVFW-GUIRCDHDSA-N	C15H24O	M+H	221.1900	3.0	5.0	12.0	MSMS	8.36	8.36	8.36	0.10	645.3	519.8	862.3	810.6	735.2	98778.7	78534.8	99628.8	104543.3	98624.6							8.36										0.55										3										12.8			
74		(1R,4R,6R,10S)-4,12,12-trimethyl-9-methylene-5-oxatricyclo[8.2.0.0~4,6~]dodecane M+H MSDIAL			Lipids and lipid-like molecules	Prenol lipids	Sesquiterpenoids	HMDB0036789	Caryophyllene alpha-oxide								NVEQFIOZRFFVFW-GUIRCDHDSA-N	C15H24O	M+H	221.1903	5.0	10.0	12.0	MSMS	13.14	13.14	13.14	0.10	3180.9	3107.5	4039.8	4762.4	4386.6	55780.5	75017.4	75319.5	75078.5	71998.1						13.14										0.53										5										20.3				
75		Diethyl-phthalate M+H MSDIAL			Benzenoids	Benzene and substituted derivatives	Benzoic acids and derivatives	HMDB0094660	Diethyl phthalic acid								FLKPEMZONWLCSK-UHFFFAOYSA-N	C12H14O4	M+H	223.0964	2.0	2.0	12.0	MSMS	12.97	12.97	12.97	0.10	23160.2	19478.9	26248.3	24900.4	25928.1	26777.6	26714.2	25847.5	27285.8	28839.1		12.97										0.90										2										11.5								
76		Sinapic acid M+H MSDIAL			Phenylpropanoids and polyketides	Cinnamic acids and derivatives	Hydroxycinnamic acids and derivatives	HMDB0032616	Sinapic acid								PCMORTLOPMLEFB-ONEGZZNKSA-N	C11H12O5	M+H	225.0759	6.0	10.0	12.0	MSMS	5.57	5.57	5.57	0.10	6065.2	6347.8	6132.8	7283.2	6408.7	152047.4	155699.5	153838.2	145236.4	147981.0						5.57										0.69										6										34.4				
77		N,N-Dimethyldodecylamine N-oxide M+H MSDIAL															SYELZBGXAIXKHU-UHFFFAOYSA-N	C14H31NO	M+H	230.2475	2.0	5.0	12.0	MSMS	12.40	12.40	12.40	0.10	188669.0	209263.2	215796.9	210345.9	207303.2	235944.3	234425.2	238216.0	230080.9	238903.8	12.40										0.52										2										46.5									
78		Aspergillusenes A M+H MSDIAL															NWPUHDAIOGMKFI-WUXMJOGZSA-N	C15H22O2	M+H	235.1693	6.0	10.0	12.0	MSMS	16.27	16.27	16.27	0.10	51464.4	65113.7	66695.0	69481.8	61385.4	64234.7	66039.9	70570.1	72014.9	65402.2	16.27										0.67										6										24.0									
79		(-)-Curcumol M+H MSDIAL			Organic oxygen compounds	Organooxygen compounds	Carbonyl compounds	HMDB0038122	Curcumol								QRMPRVXWPCLVNI-YYFQZIEXSA-N	C15H24O2	M+H	237.1847	3.0	10.0	12.0	MSMS	22.63	22.63	22.63	0.10	2816.8	2458.1	3797.4	2955.4	3591.2	44224.8	62639.0	58619.5	55771.6	65070.5						22.63										0.60										3										10.3				
80		alpha-santonin M+H MSDIAL			Lipids and lipid-like molecules	Prenol lipids	Terpene lactones	HMDB0302518	Sesquiterpenes	Prenol Lipids [PR]	Isoprenoids [PR01]	C15 isoprenoids (sesquiterpenes) [PR0103]	LMPR0103190001 --- LMPR0103190004	alpha-Santonin --- beta-Santonin			XJHDMGJURBVLLE-YWGZHDIYSA-N	C15H18O3	M+H	247.1288	1.0	1.0	7.0	MSMS	1.67	1.67	1.67	0.10	752.8	829.5	514.4	1218.1	978.5	37071.2	39151.0	37609.8	39524.6	27664.3										1.67										0.68										1										14.7
81		alpha-Santonin M+H MSDIAL								Prenol Lipids [PR]	Isoprenoids [PR01]	C15 isoprenoids (sesquiterpenes) [PR0103]	LMPR0103190001	alpha-Santonin			XJHDMGJURBVLLE-BOCCBSBMSA-N	C15H18O3	M+H	247.1329	3.0	4.0	12.0	MSMS	7.51	7.51	7.51	0.10	1518.6	1280.7	1666.5	1326.3	1952.9	88406.2	87318.9	89045.8	87899.1	92173.8							7.51										0.57										3										28.3			
82		Glucose-1-phosphate M+H FiehnHILIC			Organic oxygen compounds	Organooxygen compounds	Carbohydrates and carbohydrate conjugates	HMDB0000645 --- HMDB0000994 --- HMDB0001586 --- HMDB0006330 --- HMDB0249121	D-Mannose 1-phosphate --- Dolichyl phosphate D-mannose --- Galactose 1-phosphate --- Glucose 1-phosphate --- beta-D-Glucose 1-phosphate								HXXFSFRBOHSIMQ-UHFFFAOYNA-N	C6H13O9P	M+H	261.0370	6.0	10.0	12.0	MSMS	1.34	1.34	1.34	0.10	771.6	1868.0	944.2	788.7	1378.2	207199.6	229160.5	234395.1	231669.0	228279.5						1.34										0.83										6										42.8				
83		9-hydroxyparthenolide M+H MSDIAL															RZUCCKARTVHQBW-CVZYAWEWSA-N	C15H20O4	M+H	265.1441	1.0	1.0	10.0	MSMS	5.27	5.27	5.27	0.10	834.1	1142.8	1192.4	1921.5	667.3	37896.6	29951.5	40573.5	39292.4	38159.0							5.27										0.51										1										12.4			
84		Tri-isobutylphosphate M+H MSDIAL															HRKAMJBPFPHCSD-UHFFFAOYSA-N	C12H27O4P	M+H	267.1715	3.0	9.0	12.0	MSMS	16.01	16.01	16.01	0.10	33875.6	39896.8	40953.5	41003.8	41013.6	44034.9	43873.2	43658.2	43902.3	41935.0	16.01										0.70										3										4.7									
85		Diisobutyl phthalate M+H HMDB			Benzenoids	Benzene and substituted derivatives	Benzoic acids and derivatives	HMDB0013835	Diisobutyl phthalate								MGWAVDBGNNKXQV-UHFFFAOYSA-N	C16H22O4	M+H	279.1591	2.0	3.0	12.0	MSMS	17.44	17.44	17.44	0.10	733785.1	749943.8	726917.1	728933.9	740447.6	751057.9	751346.6	748484.9	741646.2	737718.6	17.44										0.85										2										20.7									
86		linolenic acid M+H MSDIAL			Lipids and lipid-like molecules	Fatty Acyls	Lineolic acids and derivatives	HMDB0001388	alpha-Linolenic acid	Fatty Acyls [FA]	Fatty Acids and Conjugates [FA01]	Unsaturated fatty acids [FA0103]	LMFA01030152	alpha-Linolenic acid	FA 18:3		DTOSIQBPPRVQHS-PDBXOOCHSA-N	C18H30O2	M+H	279.2318	4.0	10.0	12.0	MSMS	19.31	19.31	19.31	0.10	19718.6	19089.8	21244.1	21521.1	21327.5	111672.7	125520.7	133662.3	135164.8	129009.4						19.31										0.57										4										52.3				
87		alpha-Linolenic acid M+H HMDB			Lipids and lipid-like molecules	Fatty Acyls	Lineolic acids and derivatives	HMDB0001388	alpha-Linolenic acid	Fatty Acyls [FA]	Fatty Acids and Conjugates [FA01]	Unsaturated fatty acids [FA0103]	LMFA01030152	alpha-Linolenic acid	FA 18:3		DTOSIQBPPRVQHS-PDBXOOCHSA-N	C18H30O2	M+H	279.2324	6.0	10.0	12.0	MSMS	16.25	16.25	16.25	0.10	61834.7	88363.1	93317.8	93832.0	89682.0	57440.3	51164.4	57500.9	61221.7	63674.0	16.25										0.81										6										13.0									
88		Oleamide M+H MSDIAL								Fatty Acyls [FA]	Fatty amides [FA08]	Primary amides [FA0801]	LMFA08010011	Elaidamide			FATBGEAMYMYZAF-MDZDMXLPSA-N	C18H35NO	M+H	282.2792	3.0	10.0	12.0	MSMS	20.08	20.08	20.08	0.10	1038652.5	1219196.2	1173034.9	1164345.0	1164657.2	2400479.5	2456364.0	2426976.2	2303686.2	2337497.8	20.08										0.51										3										20.0									
89		Guanosine M+H HMDB			Nucleosides, nucleotides, and analogues	Purine nucleosides		HMDB0000133	Guanosine								NYHBQMYGNKIUIF-UUOKFMHZSA-N	C10H13N5O5	M+H	284.0984	1.0	1.0	12.0	MSMS	1.73	1.73	1.73	0.10	384.9	106.3	201.9	364.5	138.2	28681.7	40733.1	39711.9	34622.1	37644.7						1.73										0.82										1										14.1				
90		Kaempferol M+H MSDIAL			Phenylpropanoids and polyketides	Flavonoids	Flavones	HMDB0005801	Kaempferol	Polyketides [PR]	Flavonoids [PK12]	Flavones and Flavonols [PK1211]	LMPK12110003	Kaempferol			IYRMWMYZSQPJKC-UHFFFAOYSA-N	C15H10O6	M+H	287.0551	9.0	10.0	12.0	MSMS	7.22	7.22	7.22	0.10	1623.5	939.0	1244.1	1506.8	834.7	894619.1	995382.6	982065.5	979447.8	1025977.0						7.22										0.83										9										56.2				
91		Lauryl diethanolamide M+H MSDIAL			Lipids and lipid-like molecules	Fatty Acyls	Fatty amides	HMDB0032358	Lauroyl diethanolamide	Fatty Acyls [FA]	Fatty amides [FA08]	N-acyl ethanolamides (endocannabinoids) [FA0804]	LMFA08040058	Lauroyl diethanolamide			AOMUHOFOVNGZAN-UHFFFAOYSA-N	C16H33NO3	M+H	288.2537	3.0	10.0	11.0	MSMS	14.27	14.27	14.27	0.10	36618.0	51669.1	53188.2	49273.0	51827.1	51604.0	49546.4	52445.7	49650.6	49515.2	14.27										0.69										3										6.3									
92		Eriodictyol M+H MSDIAL			Phenylpropanoids and polyketides	Flavonoids	Flavans	HMDB0005810	Eriodictyol	Polyketides [PR]	Flavonoids [PK12]	Flavanones [PK1214]	LMPK12140002	Eriodictyol			SBHXYTNGIZCORC-ZDUSSCGKSA-N	C15H12O6	M+H	289.0704	2.0	2.0	12.0	MSMS	6.56	6.56	6.56	0.10	396.7	297.7	661.5	380.7	449.5	68694.6	36280.2	70543.3	73743.2	78693.1							6.56										0.66										2										12.7			
93		NCGC00385919-01_C20H34O_2-Penten-1-ol, 5-[(1S,4aS,8aS)-decahydro-5,5,8a-trimethyl-2-methylene-1-naphthalenyl]-3-methyl-, (2E)- M+H MSDIAL															NERNKRPBSOBEHC-PTNGSMBKSA-N	C20H34O	M+H	291.2683	6.0	10.0	12.0	MSMS	13.41	13.41	13.41	0.10	621.6	544.2	591.6	812.9	1152.7	1257176.5	1252766.6	1241782.5	1236666.9	1234052.9						13.41										0.58										6										1141.8				
93	*	ISF of (NCGC00385919-01_C20H34O_2-Penten-1-ol, 5-[(1S,4aS,8aS)-decahydro-5,5,8a-trimethyl-2-methylene-1-naphthalenyl]-3-methyl-, (2E)- M+H MSDIAL)																		137.1330	5.0		12.0	MS1	13.41	13.41	13.41	0.10	21048.8	20944.0	21104.8	20171.9	18783.6	26194598.0	26082378.0	26026692.0	26146634.0	25756916.0						13.41										0.73										5										193.4				
94		8-[3-oxo-2-[(E)-pent-2-enyl]cyclopenten-1-yl]octanoic acid M+H MSDIAL								Fatty Acyls [FA]	Octadecanoids [FA02]	12-oxophytodienoic acid metabolites [FA0201]	LMFA02010020	iso-12-oxo-PDA	FA 18:4;O		RHVWQVSLVMXMBR-XVNBXDOJSA-N	C18H28O3	M+H	293.2109	4.0	10.0	12.0	MSMS	14.86	14.86	14.86	0.10	15035.6	12069.3	13488.2	13610.4	14906.2	87905.7	98179.4	94604.5	96502.3	98371.5						14.86										0.74										4										28.4				
95		NCGC00385879-01!4-(3,4-dihydroxyphenyl)-6,7-dihydroxynaphthalene-2-carboxylic acid M-H2O+H MSDIAL															ZSKDVJYWOHBGNI-UHFFFAOYSA-N	C17H12O6	M-H2O+H	295.0602	4.0	10.0	12.0	MSMS	7.68	7.68	7.68	0.10	1596.1	1479.7	2003.1	1777.9	1433.3	1186749.2	1313532.5	1335951.8	1346821.1	1281312.1						7.68										0.74										4										9.6				
96		NCGC00385879-01!4-(3,4-dihydroxyphenyl)-6,7-dihydroxynaphthalene-2-carboxylic acid M-H2O+H MSDIAL															ZSKDVJYWOHBGNI-UHFFFAOYSA-N	C17H12O6	M-H2O+H	295.0602	5.0	10.0	5.0	MSMS	9.84	9.84	9.84	0.10	749.1	820.0	644.1	683.6	509.7	102724.0	120641.2	66516.4	128718.7	124014.3								9.84										0.72										5										3.7		
97		NCGC00385879-01!4-(3,4-dihydroxyphenyl)-6,7-dihydroxynaphthalene-2-carboxylic acid M-H2O+H MSDIAL															ZSKDVJYWOHBGNI-UHFFFAOYSA-N	C17H12O6	M-H2O+H	295.0603	4.0	10.0	12.0	MSMS	9.17	9.17	9.17	0.10	675.6	1484.1	1284.7	1139.2	996.5	203191.8	329190.6	330477.4	312898.3	336631.5						9.17										0.67										4										9.6				
98		5'-Methylthioadenosine M+H HMDB			Nucleosides, nucleotides, and analogues	5'-deoxyribonucleosides	5'-deoxy-5'-thionucleosides	HMDB0001173	5'-Methylthioadenosine								WUUGFSXJNOTRMR-IOSLPCCCSA-N	C11H15N5O3S	M+H	298.0968	4.0	10.0	12.0	MSMS	4.69	4.69	4.69	0.10	806.1	399.0	651.7	237.1	1032.2	74202.4	88047.1	89467.7	92873.9	91007.6						4.69										0.85										4										7.0				
99		7,4??????-Di-O-methylapigenin M+H MSDIAL			Phenylpropanoids and polyketides	Flavonoids	O-methylated flavonoids	HMDB0132454	Apigenin 7,4'-dimethyl ether	Polyketides [PR]	Flavonoids [PK12]	Flavones and Flavonols [PK1211]	LMPK12111029	Apigenin 7,4'-dimethyl ether			LZERJKGWTQYMBB-UHFFFAOYSA-N	C17H14O5	M+H	299.0916	2.0	6.0	12.0	MSMS	15.50	15.50	15.50	0.10	2232.3	2903.4	2977.7	2170.5	3403.1	1510350.1	1523274.5	1530020.0	1514341.9	1500754.4						15.50										0.84										2										69.0				
100		Palmitoyl Ethanolamide M+H MSDIAL			Organic acids and derivatives	Carboximidic acids and derivatives	Carboximidic acids	HMDB0002100	Palmitoylethanolamide	Fatty Acyls [FA]	Fatty amides [FA08]	N-acyl ethanolamides (endocannabinoids) [FA0804]	LMFA08040013	Palmitoyl-EA	NAE 16:0		HXYVTAGFYLMHSO-UHFFFAOYSA-N	C18H37NO2	M+H	300.2897	3.0	8.0	12.0	MSMS	18.94	18.94	18.94	0.10	89577.2	106412.6	106038.5	104583.6	105736.0	48168.1	47709.9	54850.1	47915.4	48916.7	18.94										0.63										3										30.6									
101		2,2'-(Tetradecylimino)diethanol M+H MSDIAL															CPHJEACXPATRSU-UHFFFAOYSA-N	C18H39NO2	M+H	302.3057	3.0	10.0	12.0	MSMS	13.11	13.11	13.11	0.10	5693.1	6200.2	5905.3	5980.5	7038.9	12981.5	14377.7	14295.4	15151.3	13970.6						13.11										0.66										3										135.5				
102		GLYCEROL-MYRISTATE M+H MSDIAL			Lipids and lipid-like molecules	Glycerolipids	Monoradylglycerols	HMDB0304951	Glycerol 1-myristate								DCBSHORRWZKAKO-UHFFFAOYSA-N	C17H34O4	M+H	303.2527	7.0	10.0	12.0	MSMS	18.33	18.33	18.33	0.10	39557.8	53503.9	59293.9	51225.9	50207.7	45099.8	41863.4	39091.1	42265.3	41883.7	18.33										0.68										7										12.9									
103		BUPROFEZIN M+H HMDB			Organoheterocyclic compounds	Thiadiazinanes		HMDB0249444	BUPROFEZIN								PRLVTUNWOQKEAI-UHFFFAOYSA-N	C16H23N3OS	M+H	306.1630	6.0	10.0	12.0	MSMS	15.02	15.02	15.02	0.10	1787.8	2086.2	2274.9	3616.3	2446.1	29192.2	31796.8	34048.0	31632.2	32867.1						15.02										0.83										6										39.8				
104		NCGC00385684-01_C12H16O8_4H-Pyran-4-one, 3-(beta-D-glucopyranosyloxy)-2-methyl- M+Na MSDIAL															YGSIRXHFAUFUEJ-GPTQDWHKSA-N	C12H16O8	M+Na	311.0737	2.0	4.0	8.0	MSMS	2.12	2.12	2.12	0.10	393.7	550.0	586.1	182.5	287.7	17512.0	17784.9	19931.3	15184.1	19861.6									2.12										0.61										2										63.8	
105		NCGC00385879-01!4-(3,4-dihydroxyphenyl)-6,7-dihydroxynaphthalene-2-carboxylic acid M+H MSDIAL															ZSKDVJYWOHBGNI-UHFFFAOYSA-N	C17H12O6	M+H	313.0708	6.0	10.0	11.0	MSMS	6.96	6.96	6.96	0.10	1214.5	945.6	980.0	647.3	751.7	201734.6	214397.7	198512.9	215208.8	206656.6						6.96										0.70										6										13.6				
106		Benzyl butyl phthalate M+H HMDB			Benzenoids	Benzene and substituted derivatives	Benzoic acids and derivatives	HMDB0249068	Benzyl butyl phthalate								IRIAEXORFWYRCZ-UHFFFAOYSA-N	C19H20O4	M+H	313.1432	3.0	3.0	12.0	MSMS	17.18	17.18	17.18	0.10	47168.9	47660.3	48654.4	43825.7	46030.2	46654.8	46712.5	46199.5	45153.5	44447.1	17.18										0.81										3										38.1									
107		5,7-dihydroxy-6-methoxy-2-(4-methoxyphenyl)-4H-chromen-4-one M+H MSDIAL								Polyketides [PR]	Flavonoids [PK12]	Flavones and Flavonols [PK1211]	LMPK12111164	Pectolinarigenin			GPQLHGCIAUEJQK-UHFFFAOYSA-N	C17H14O6	M+H	315.0862	4.0	10.0	9.0	MSMS	12.51	12.51	12.51	0.10	2379.1	1040.1	368.8	496.7	1179.9	80021.9	167732.5	182382.5	169763.3	172473.0						12.51										0.68										4										30.2				
108		Cirsimaritin M+H HMDB			Phenylpropanoids and polyketides	Flavonoids	O-methylated flavonoids	HMDB0250276	Cirsimaritin	Polyketides [PR]	Flavonoids [PK12]	Flavones and Flavonols [PK1211]	LMPK12111163	Cirsimaritin			ZIIAJIWLQUVGHB-UHFFFAOYSA-N	C17H14O6	M+H	315.0866	5.0	10.0	12.0	MSMS	11.82	11.82	11.82	0.10	2905.2	1532.0	1692.0	1770.6	1794.5	586092.6	615944.1	626995.8	618188.9	604842.1						11.82										0.80										5										32.8				
109		(2S,3R,4S,5S,6R)-2-[4-(2-hydroxyethyl)phenoxy]-6-(hydroxymethyl)oxane-3,4,5-triol M+NH4 MSDIAL															OJDSCNUKKOKOQJ-RKQHYHRCSA-N	C14H20O7	M+NH4	318.1547	4.0	10.0	12.0	MSMS	4.91	4.91	4.91	0.10	546.4	474.8	357.1	298.0	203.5	274813.7	252178.2	253885.7	255375.5	258469.3						4.91										0.68										4										52.6				
110		Phytosphingosine M+H MSDIAL			Organic nitrogen compounds	Organonitrogen compounds	Amines	HMDB0004610	Phytosphingosine	Sphingolipids [SP]	Sphingoid bases [SP01]	4-Hydroxysphinganines (Phytosphingosines) [SP0103]	LMSP01030001	Phytosphingosine	SPB 18:0;O3		AERBNCYCJBRYDG-KSZLIROESA-N	C18H39NO3	M+H	318.3003	7.0	10.0	12.0	MSMS	13.19	13.19	13.19	0.10	13145.1	12907.8	11389.2	12983.8	13586.8	112787.8	115079.6	113788.3	119699.5	120318.8						13.19										0.84										7										52.3				
111		skimmin M+H MSDIAL			Phenylpropanoids and polyketides	Coumarins and derivatives	Coumarin glycosides	HMDB0258334	Skimmin								VPAOSFFTKWUGAD-TVKJYDDYSA-N	C15H16O8	M+H	325.0921	1.0	5.0	12.0	MSMS	6.63	6.63	6.63	0.10	1570.5	590.1	1848.0	732.5	729.2	75960.3	86146.6	74946.7	79397.7	80622.1								6.63										0.57										1										5.9		
112		Quinoxalinedione + 2Methyl + C5H11O4 M+H MSDIAL															SLOQSNHEHSCLGS-UHFFFAOYSA-N	C15H20N2O6	M+H	325.1396	2.0	10.0	12.0	MSMS	6.05	6.05	6.05	0.10	771.8	439.3	1106.3	639.0	621.8	109149.5	113787.3	109023.4	116490.5	123301.8						6.05										0.52										2										91.4				
113		Tris(1-chloro-2-propyl)phosphate; LC-ESI-ITFT; MS2; CE M+H MassBank															KVMPUXDNESXNOH-UHFFFAOYNA-N	C9H18Cl3O4P	M+H	327.0079	3.0	4.0	12.0	MSMS	13.47	13.47	13.47	0.10	20635.9	21544.9	19101.5	20904.7	17753.7	17897.3	19962.1	20641.8	22541.8	18223.5					13.47										0.76										3										15.8					
114		Aurantioobtusin M+H MSDIAL			Benzenoids	Anthracenes	Anthraquinones	HMDB0248725	Aurantio-obtusin	Polyketides [PR]	Aromatic polyketides [PK13]	Anthracenes and phenanthrenes [PK1304]	LMPK13040027	Aurantio-obtusin			RNXZPKOEJUFJON-UHFFFAOYSA-N	C17H14O7	M+H	331.0811	4.0	10.0	12.0	MSMS	10.80	10.80	10.80	0.10	803.8	1135.4	1451.9	953.6	1169.3	241920.6	257834.6	256284.9	246215.8	255981.4						10.80										0.67										4										41.8				
115		Tetrahydrosappanone A Trimethyl Ether M+H MSDIAL															KXFFLWDYUNIJNU-BFUOFWGJSA-N	C19H22O5	M+H	331.1541	6.0	10.0	6.0	MSMS	6.31	6.31	6.31	0.10	1376.6	360.8	557.7	472.6	983.1	163029.2	146965.3	157603.5	152899.3	140005.9						6.31										0.74										6										6.9				
116		Ceratodictyol M+H MSDIAL															QDKBEJZVRCVOPZ-SDNWHVSQSA-N	C19H38O4	M+H	331.2845	6.0	10.0	12.0	MSMS	20.33	20.33	20.33	0.10	2847539.8	3082487.0	3043768.0	3115878.0	3134034.5	2952878.0	2898520.5	2845154.8	2859416.0	2759923.8	20.33										0.75										6										12.3									
117		Pyridoxine + O-Hex M+H MSDIAL			Organoheterocyclic compounds	Pyridines and derivatives	Pyridoxines	HMDB0246884	5'-O-beta-D-Glucosylpyridoxine								MDLTWTOQCHCLSZ-UHFFFAOYSA-N	C14H21NO8	M+H	332.1339	6.0	10.0	12.0	MSMS	1.35	1.35	1.35	0.10	4795.3	6185.1	6376.2	7586.3	5214.3	1518199.5	2177878.0	2027997.0	1939892.8	1958518.4						1.35										0.63										6										114.8				
118		2,2'-Dithiobisbenzothiazole M+H MSDIAL			Organoheterocyclic compounds	Benzothiazoles		HMDB0244457	2,2'-Dithiobisbenzothiazole								AFZSMODLJJCVPP-UHFFFAOYSA-N	C14H8N2S4	M+H	332.9641	5.0	10.0	12.0	MSMS	10.00	10.00	10.00	0.10	11256.0	11514.9	11280.5	12935.2	14443.0	0.0	0.0	0.0	0.0	607.6			10.00										0.73										5										40.1							
119		2,2'-Dithiobisbenzothiazole M+H MSDIAL			Organoheterocyclic compounds	Benzothiazoles		HMDB0244457	2,2'-Dithiobisbenzothiazole								AFZSMODLJJCVPP-UHFFFAOYSA-N	C14H8N2S4	M+H	332.9644	9.0	10.0	12.0	MSMS	18.61	18.61	18.61	0.10	45266.9	50779.7	58803.3	53930.1	54525.1	908.7	1187.1	777.2	1671.2	3763.6	18.61										0.93										9										36.5									
120		Rosmarinic acid M+H-H2O MSDIAL			Phenylpropanoids and polyketides	Cinnamic acids and derivatives	Hydroxycinnamic acids and derivatives	HMDB0003572	Rosmarinic acid								DOUMFZQKYFQNTF-WUTVXBCWSA-N	C18H16O8	M+H-H2O	343.0816	5.0	6.0	12.0	MSMS	8.22	8.22	8.22	0.10	604.4	564.8	954.8	515.6	455.3	4642160.0	4573181.0	4651202.0	4681983.0	4564925.5						8.22										0.94										5										208.4				
121		Cocamidopropyl betaine M+H MSDIAL															MRUAUOIMASANKQ-UHFFFAOYSA-N	C19H38N2O3	M+H	343.2957	1.0	1.0	12.0	MSMS	12.13	12.13	12.13	0.10	30962.5	36482.9	33699.2	37701.4	36504.8	41345.3	39886.2	39852.5	39201.2	42308.6	12.13										0.82										1										7575.9									
122		Eupatorin M+H MSDIAL			Phenylpropanoids and polyketides	Flavonoids	O-methylated flavonoids	HMDB0252128	Eupatorin	Polyketides [PR]	Flavonoids [PK12]	Flavones and Flavonols [PK1211]	LMPK12111239	Eupatorin			KLAOKWJLUQKWIF-UHFFFAOYSA-N	C18H16O7	M+H	345.0970	4.0	10.0	11.0	MSMS	12.12	12.12	12.12	0.10	342.5	1602.2	1291.6	1226.6	667.5	155941.5	168287.2	165182.6	161531.7	164515.5						12.12										0.63										4										65.3				
123		NCGC00180824-02!5,7-dihydroxy-6,8-dimethoxy-2-(4-methoxyphenyl)chromen-4-one M+H MSDIAL			Phenylpropanoids and polyketides	Flavonoids	O-methylated flavonoids	HMDB0255572	Nevadensin	Polyketides [PR]	Flavonoids [PK12]	Flavones and Flavonols [PK1211]	LMPK12111442	Nevadensin			KRFBMPVGAYGGJE-UHFFFAOYSA-N	C18H16O7	M+H	345.0972	5.0	10.0	12.0	MSMS	13.02	13.02	13.02	0.10	2685.0	1175.1	2009.6	2241.3	1290.7	5228392.5	5413280.5	5501340.0	5408691.5	5420048.5						13.02										0.56										5										21.3				
124		2'-Deoxyguanosine 5'-monophosphate M+H HMDB			Nucleosides, nucleotides, and analogues	Purine nucleotides	Purine deoxyribonucleotides	HMDB0001044	2'-Deoxyguanosine 5'-monophosphate								LTFMZDNNPPEQNG-KVQBGUIXSA-N	C10H14N5O7P	M+H	348.0706	3.0	4.0	12.0	MSMS	1.31	1.31	1.31	0.10	366.8	1284.1	642.7	1385.6	1146.5	53807.3	44334.5	57680.5	58395.0	55482.0							1.31										0.78										3										14.5			
125		NCGC00186665-03!2,3-dihydroxypropyl hexadecanoate M+NH4 MSDIAL			Lipids and lipid-like molecules	Glycerolipids	Monoradylglycerols	HMDB0245964	3-Palmitoyl-sn-glycerol	Glycerolipids [GL]	Monoradylglycerols [GL01]	Monoacylglycerols [GL0101]	LMGL01010001	MG(16:0/0:0/0:0)[rac]	MG 16:0	MG 16:0	QHZLMUACJMDIAE-UHFFFAOYSA-N	C19H38O4	M+NH4	348.3106	2.0	10.0	12.0	MSMS	20.35	20.35	20.35	0.10	48299.3	51743.0	40696.0	49863.0	45961.6	42242.0	46329.8	44870.0	42468.0	42218.0			20.35										0.56										2										7.0							
126		(3R,4S,5S,6R)-2-(6-hydroxy-2,6-dimethylocta-2,7-dienoxy)-6-(hydroxymethyl)oxane-3,4,5-triol M+Na MSDIAL			Lipids and lipid-like molecules	Fatty Acyls	Fatty acyl glycosides	HMDB0035634	Betulalbuside A								WEHZDNHJZBEGME-SPGNZJCFSA-N	C16H28O7	M+Na	355.1726	2.0	2.0	12.0	MSMS	6.96	6.96	6.96	0.10	4590.2	3418.3	3340.2	3679.4	2897.0	1335038.1	1453424.6	1410877.4	1439655.0	1401156.0						6.96										0.72										2										16.7				
127		Gardenin B M+H MSDIAL			Phenylpropanoids and polyketides	Flavonoids	O-methylated flavonoids	HMDB0302154	Gardenin B	Polyketides [PR]	Flavonoids [PK12]	Flavones and Flavonols [PK1211]	LMPK12111451	Gardenin B			LXEVSYZNYDZSOB-UHFFFAOYSA-N	C19H18O7	M+H	359.1127	5.0	10.0	12.0	MSMS	15.19	15.19	15.19	0.10	886.9	390.1	961.7	802.8	862.8	1832559.0	1853798.0	1872588.0	1856578.2	1861938.4						15.19										0.82										5										47.5				
128		1-Monostearin M+H FiehnHILIC			Lipids and lipid-like molecules	Glycerolipids	Monoradylglycerols	HMDB0011131	MG(18:0/0:0/0:0)	Glycerolipids [GL]	Monoradylglycerols [GL01]	Monoacylglycerols [GL0101]	LMGL01010003	MG(18:0/0:0/0:0)[rac]	MG 18:0	MG 18:0	VBICKXHEKHSIBG-UHFFFAOYNA-N	C21H42O4	M+H	359.3158	6.0	10.0	12.0	MSMS	21.99	21.99	21.99	0.10	4049015.2	4304518.0	4341374.5	4317969.5	4299446.0	4287935.0	3925361.8	3858723.8	3725116.0	3662521.2	21.99										0.63										6										7.5									
129		Rosmarinic acid M+H HMDB			Phenylpropanoids and polyketides	Cinnamic acids and derivatives	Hydroxycinnamic acids and derivatives	HMDB0003572	Rosmarinic acid								DOUMFZQKYFQNTF-WUTVXBCWSA-N	C18H16O8	M+H	361.0918	6.0	7.0	12.0	MSMS	8.22	8.22	8.22	0.10	1104.1	601.6	412.7	649.0	676.2	1301200.4	1322253.2	1323604.4	1340293.6	1304417.5						8.22										0.95										6										75.6				
129	*	ISF of (Rosmarinic acid M+H HMDB)																		135.0441	2.0		12.0	MS1	8.22	8.22	8.22	0.10	5130.0	5354.7	5174.7	5221.2	4872.8	811494.1	848894.0	836898.2	857938.5	842692.2						8.22										0.66										2										24.2				
130		Rosmarinic acid M+H HMDB			Phenylpropanoids and polyketides	Cinnamic acids and derivatives	Hydroxycinnamic acids and derivatives	HMDB0003572	Rosmarinic acid								DOUMFZQKYFQNTF-WUTVXBCWSA-N	C18H16O8	M+H	361.0918	3.0	3.0	12.0	MSMS	6.40	6.40	6.40	0.10	975.5	1046.6	1070.8	1126.2	890.3	870381.0	818873.7	843532.8	828136.7	818576.9						6.40										0.85										3										85.2				
131		Tetraethylene glycol monododecyl ether M+H HMDB			Organic oxygen compounds	Organooxygen compounds	Ethers	HMDB0246913	Tetraethylene glycol monododecyl ether								WPMWEFXCIYCJSA-UHFFFAOYSA-N	C20H42O5	M+H	363.3106	2.0	10.0	5.0	MSMS	18.67	18.67	18.67	0.10	54480.1	51044.3	77311.0	55615.4	56013.2	57682.2	54358.4	52460.4	53865.7	56125.9			18.67										0.60										2										20.7							
132		SUCROSE M+Na MSDIAL			Organic oxygen compounds	Organooxygen compounds	Carbohydrates and carbohydrate conjugates	HMDB0000258	Sucrose								CZMRCDWAGMRECN-UGDNZRGBSA-N	C12H22O11	M+Na	365.1056	2.0	2.0	12.0	MSMS	1.26	1.26	1.26	0.10	44843.9	37197.0	43705.4	50610.3	37698.0	423637.5	421075.2	404558.0	417021.3	416202.0	1.26										0.77										2										18.6									
133		Pyridaben M+H MSDIAL			Benzenoids	Benzene and substituted derivatives	Phenylpropanes	HMDB0256960	Pyridaben								DWFZBUWUXWZWKD-UHFFFAOYSA-N	C19H25ClN2OS	M+H	365.1421	2.0	2.0	5.0	MSMS	19.52	19.52	19.52	0.10	24450.9	27576.6	34262.9	30729.1	28067.6	45516.3	30672.6	39517.2	44528.0	39578.8							19.52										0.65										2										5.4			
134		Isopentenyl-Adenine-7-glucoside; LC-ESI-ITFT; MS2; CE 14.0 eV; [M+H]+ M+H MassBank															ORUWKZNXHJIZKV-UHFFFAOYNA-N	C16H23N5O5	M+H	366.1770	4.0	9.0	12.0	MSMS	6.32	6.32	6.32	0.10	215.1	198.5	0.0	360.0	305.8	52744.8	51284.8	56736.1	55118.2	47080.1							6.32										0.67										4										30.7			
135		Lysionotin M+Na MSDIAL			Phenylpropanoids and polyketides	Flavonoids	O-methylated flavonoids	HMDB0255572	Nevadensin	Polyketides [PR]	Flavonoids [PK12]	Flavones and Flavonols [PK1211]	LMPK12111442	Nevadensin			KRFBMPVGAYGGJE-UHFFFAOYSA-N	C18H16O7	M+Na	367.0788	1.0	1.0	12.0	MSMS	13.02	13.02	13.02	0.10	60.9	419.1	646.0	633.6	688.9	197453.0	227558.9	230227.9	227299.6	225223.8						13.02										0.68										1										23.7				
136		NCGC00380817-01_C15H20O9_ M+Na MSDIAL															JDNUVLAJLPVYNP-SWMGHYKJSA-N	C15H20O9	M+Na	367.1003	2.0	2.0	12.0	MSMS	4.36	4.36	4.36	0.10	52.4	400.3	298.5	240.9	161.8	141413.6	145072.2	142648.8	140905.0	144729.6						4.36										0.69										2										32.9				
137		[(2S,3R,4S,5S,6R)-3,4,5-trihydroxy-6-(hydroxymethyl)oxan-2-yl] (2E,6E)-8-hydroxy-2,6-dimethylocta-2,6-dienoate M+Na MSDIAL															QZIOPOIUZGGXKI-KOYXEPTDSA-N	C16H26O8	M+Na	369.1518	3.0	8.0	12.0	MSMS	6.89	6.89	6.89	0.10	1716.3	1774.5	1672.2	1843.0	1516.3	122178.0	97662.5	128614.3	120837.0	121370.4							6.89										0.73										3										21.9			
138		Myristamidopropyl betaine M MSDIAL																C21H43N2O3	M	371.3264	1.0	1.0	12.0	MSMS	13.83	13.83	13.83	0.10	22406.4	21142.8	22741.1	21207.6	21050.3	26248.0	22934.4	26580.2	23682.7	25428.2	13.83										0.64										1										16.0									
139		Skullcapflavone II M+H HMDB			Phenylpropanoids and polyketides	Flavonoids	O-methylated flavonoids	HMDB0258335	Skullcapflavone II	Polyketides [PR]	Flavonoids [PK12]	Flavones and Flavonols [PK1211]	LMPK12111423	Skullcapflavone II			GMQFOKBGMKVUQZ-UHFFFAOYSA-N	C19H18O8	M+H	375.1072	4.0	6.0	11.0	MSMS	12.78	12.78	12.78	0.10	281.7	553.5	648.2	508.7	405.0	47436.5	57586.9	53017.1	57194.9	54066.5						12.78										0.75										4										31.6				
140		Rosmarinic acid; LC-ESI-QTOF; MS2; CE M+Na MassBank			Phenylpropanoids and polyketides	Cinnamic acids and derivatives	Hydroxycinnamic acids and derivatives	HMDB0003572	Rosmarinic acid								DOUMFZQKYFQNTF-WUTVXBCWSA-N	C18H16O8	M+Na	383.0737	2.0	10.0	12.0	MSMS	8.22	8.22	8.22	0.10	17578.0	18890.5	20525.8	21472.5	18861.6	1151801.8	1147375.8	1131987.0	1136778.9	1091279.6		8.22										0.56										2										41.8								
141		NCGC00385431-01!2-(1,2-dihydroxyethyl)-3-[(E)-3-(3,4-dihydroxyphenyl)prop-2-enoyl]oxy-4-hydroxy-3,4-dihydro-2H-pyran-6-carboxylic acid M+H MSDIAL															LYTOSEBVFHNSFK-DUXPYHPUSA-N	C17H18O10	M+H	383.0950	2.0	10.0	12.0	MSMS	4.45	4.45	4.45	0.10	534.0	181.8	525.3	417.2	302.8	105962.2	172882.8	174216.2	179466.4	176208.5						4.45										0.60										2										4.5				
142		[(3aR,4S,6R,11aR)-6,9-dihydroxy-6,10-dimethyl-3-methylidene-2,7-dioxo-3a,4,5,8,9,11a-hexahydrocyclodeca[b]furan-4-yl] 2-methylprop-2-enoate M+Na MSDIAL															JGWDBQRLOBLTHU-NKNVHBAISA-N	C19H24O7	M+Na	387.1436	3.0	10.0	12.0	MSMS	7.10	7.10	7.10	0.10	1123.3	400.2	361.8	290.9	365.5	337903.9	289260.0	297716.6	296790.0	287006.5						7.10										0.50										3										22.0				
143		roseoside M+H MSDIAL			Lipids and lipid-like molecules	Fatty Acyls	Fatty acyl glycosides	HMDB0029772	Corchoionol C 9-glucoside								SWYRVCGNMNAFEK-MHXFFUGFSA-N	C19H30O8	M+H	387.2009	4.0	10.0	9.0	MSMS	6.75	6.75	6.75	0.10	1690.9	2000.5	2842.4	1446.8	2447.1	139129.3	135366.9	116460.1	134631.2	137872.9								6.75										0.55										4										6.9		
144		roseoside M+H MSDIAL			Lipids and lipid-like molecules	Fatty Acyls	Fatty acyl glycosides	HMDB0029772	Corchoionol C 9-glucoside								SWYRVCGNMNAFEK-MHXFFUGFSA-N	C19H30O8	M+H	387.2012	4.0	10.0	11.0	MSMS	6.31	6.31	6.31	0.10	1422.1	1643.4	2321.0	1321.5	2370.9	351656.1	386538.7	377994.7	381854.9	388884.6						6.31										0.68										4										25.2				
145		5-O-Demethylnobiletin M+H MSDIAL			Phenylpropanoids and polyketides	Flavonoids	O-methylated flavonoids	HMDB0037571	Demethylnobiletin	Polyketides [PR]	Flavonoids [PK12]	Flavones and Flavonols [PK1211]	LMPK12111479	Demethylnobiletin			DOFJNFPSMUCECH-UHFFFAOYSA-N	C20H20O8	M+H	389.1233	6.0	10.0	12.0	MSMS	14.32	14.32	14.32	0.10	0.0	172.9	270.3	600.7	243.5	50137.0	50636.4	53353.8	50380.0	55677.3						14.32										0.77										6										87.1				
146		icariside B5 M+H MSDIAL															CZYPGTRKJFYXLT-SUHXYMONSA-N	C19H32O8	M+H	389.2167	4.0	10.0	12.0	MSMS	6.32	6.32	6.32	0.10	403.6	439.6	325.8	243.3	59.3	124068.2	83571.0	127572.3	125353.6	127940.9							6.32										0.73										4										12.7			
147		NCGC00384858-01!5-hydroxy-8,8-dimethyl-6-(2-methylpropanoyl)-4-phenylpyrano[2,3-h]chromen-2-one [IIN-based: Match] M+H MSDIAL			Phenylpropanoids and polyketides	Neoflavonoids	Prenylated neoflavonoids	HMDB0035876	Mesuagin	Polyketides [PR]	Flavonoids [PK12]	Neoflavonoids [PK1210]	LMPK12100030	Mesuagin			SVCPILBFQWTZFW-UHFFFAOYSA-N	C24H22O5	M+H	391.1503	2.0	10.0	12.0	MSMS	7.10	7.10	7.10	0.10	893.2	336.0	595.2	412.1	641.5	72765.0	73805.6	67232.7	62199.0	75648.0									7.10										0.54										2										35.6	
148		Bis(2-ethylhexyl) phthalate M+H HMDB			Benzenoids	Benzene and substituted derivatives	Benzoic acids and derivatives	HMDB0249243	Bis(2-ethylhexyl) phthalate								BJQHLKABXJIVAM-UHFFFAOYSA-N	C24H38O4	M+H	391.2842	6.0	10.0	12.0	MSMS	23.00	23.00	23.00	0.10	93904.8	95997.6	98603.0	100494.4	102916.6	109459.6	101250.4	106646.3	107527.0	102612.5	23.00										0.90										6										29.4									
149		Tris(2-butoxyethyl) phosphate M+H HMDB			Organic acids and derivatives	Organic phosphoric acids and derivatives	Phosphate esters	HMDB0259275	Tris(2-butoxyethyl) phosphate								WTLBZVNBAKMVDP-UHFFFAOYSA-N	C18H39O7P	M+H	399.2502	4.0	10.0	12.0	MSMS	16.91	16.91	16.91	0.10	83012.9	91865.5	87957.9	88424.4	89877.4	108217.8	109092.1	109001.4	105998.4	108884.9	16.91										0.83										4										43.2									
150		9-Methoxycamptothecin M+Na MSDIAL															XVMZDZFTCKLZTF-NRFANRHFSA-N	C21H18N2O5	M+Na	401.1059	1.0	6.0	12.0	MSMS	5.49	5.49	5.49	0.10	0.0	253.7	66.0	174.0	198.6	44428.9	41563.5	43572.1	38787.8	45305.0							5.49										0.57										1										11.9			
151		Sorbitane Monopalmitate - Polysorbate 40 in-source fragment M+H MSDIAL			Lipids and lipid-like molecules	Fatty Acyls	Fatty acid esters	HMDB0029887	Sorbitan palmitate	Fatty Acyls [FA]	Fatty esters [FA07]	Wax monoesters [FA0701]	LMFA07011019	Sorbitan palmitate	WE 22:1;O4		IYFATESGLOUGBX-UHFFFAOYSA-N	C22H42O6	M+H	402.3580	2.0	3.0	12.0	MSMS	15.07	15.07	15.07	0.10	127304.5	151547.4	150158.4	151187.2	152719.6	163372.3	163197.1	169813.0	170246.6	166508.2	15.07										0.88										2										22.0									
152		Acetyl tributyl citrate M+H MSDIAL			Organic acids and derivatives	Carboxylic acids and derivatives	Tetracarboxylic acids and derivatives	HMDB0034159	Acetyl tributyl citrate								QZCLKYGREBVARF-UHFFFAOYSA-N	C20H34O8	M+H	403.2324	5.0	10.0	12.0	MSMS	18.71	18.71	18.71	0.10	15048.0	14936.2	12918.8	15146.5	15572.8	17884.5	18622.4	20593.1	20921.6	16980.9			18.71										0.66										5										14.7							
153		N6-Threonylcarbamoyladenosine M+H MSDIAL															UNUYMBPXEFMLNW-DWVDDHQFSA-N	C15H20N6O8	M+H	413.1418	4.0	9.0	12.0	MSMS	5.28	5.28	5.28	0.10	248.8	269.3	186.6	115.0	303.6	53717.4	55345.5	56484.0	55762.4	56119.8						5.28										0.56										4										16.1				
154		2-acetoxy-4-pentadecylbenzoic acid M+Na MSDIAL															FMPIFABORGZGFA-UHFFFAOYSA-N	C24H38O4	M+Na	413.2663	1.0	2.0	12.0	MSMS	23.00	23.00	23.00	0.10	144688.2	166285.0	169769.3	160776.0	170817.4	174957.7	176208.2	163933.1	167076.2	161521.1	23.00										0.55										1										10.6									
155		NCGC00347704-02_C24H32O7_2H-Oxireno[1,10a]phenanthro[3,2-b]furan-10(11bH)-one, 5,7-bis(acetyloxy)-3,3a,4,5,6,7,7a,7b,8,8a-decahydro-4,4,7a,11-tetramethyl-, (1aS,3aR,5S,7S,7aR,7bS,8aR,11bR)- M-H2O+H MSDIAL															YOELDOOOBJSHSZ-SRFZOMHBSA-N	C24H32O7	M-H2O+H	415.2113	1.0	9.0	12.0	MSMS	13.52	13.52	13.52	0.10	2172.1	906.8	1364.6	1025.2	1115.6	32306.9	28739.2	35176.6	31030.1	33876.5							13.52										0.75										1										57.6			
156		NCGC00347704-02_C24H32O7_2H-Oxireno[1,10a]phenanthro[3,2-b]furan-10(11bH)-one, 5,7-bis(acetyloxy)-3,3a,4,5,6,7,7a,7b,8,8a-decahydro-4,4,7a,11-tetramethyl-, (1aS,3aR,5S,7S,7aR,7bS,8aR,11bR)- M-H2O+H MSDIAL															YOELDOOOBJSHSZ-SRFZOMHBSA-N	C24H32O7	M-H2O+H	415.2114	2.0	9.0	10.0	MSMS	14.84	14.84	14.84	0.10	2200.2	1477.4	1417.0	1263.5	1094.1	149082.8	256215.8	257788.5	253303.5	262718.1						14.84										0.69										2										7.2				
157		Sorbitane Monooleate - Polysorbate 80 in-source fragment M+H MSDIAL			Lipids and lipid-like molecules	Fatty Acyls	Fatty acid esters	HMDB0029886	Sorbitan oleate	Fatty Acyls [FA]	Fatty esters [FA07]	Wax monoesters [FA0701]	LMFA07011018	Sorbitan oleate	WE 24:2;O4		NWGKJDSIEKMTRX-MDZDMXLPSA-N	C24H44O6	M+H	428.3728	1.0	3.0	12.0	MSMS	15.48	15.48	15.48	0.10	68174.0	67357.7	71246.7	69400.4	66368.1	75626.6	74187.0	80018.9	74543.9	76270.2	15.48										0.54										1										14.5									
158		NCGC00385123-01_C22H30O6_7b,9-Dihydroxy-3-(hydroxymethyl)-1,1,6,8-tetramethyl-5-oxo-1,1a,1b,4,4a,5,7a,7b,8,9-decahydro-9aH-cyclopropa[3,4]benzo[1,2-e]azulen-9a-yl acetate M+ACN+H MSDIAL															WZYGIALDVOKLLL-UHFFFAOYSA-N	C22H30O6	M+ACN+H	432.2379	4.0	10.0	12.0	MSMS	14.17	14.17	14.17	0.10	967.7	911.2	1385.4	1071.5	1464.3	219407.3	205731.4	217557.8	219703.7	217544.7						14.17										0.57										4										49.2				
159		Ursolic acid M+H-H2O MSDIAL			Lipids and lipid-like molecules	Prenol lipids	Triterpenoids	HMDB0002395	Ursolic acid	Prenol Lipids [PR]	Isoprenoids [PR01]	C30 isoprenoids (triterpenes) [PR0106]	LMPR0106180007	ursolic acid			WCGUUGGRBIKTOS-GPOJBZKASA-N	C30H48O3	M+H-H2O	439.3566	4.0	10.0	12.0	MSMS	19.79	19.79	19.79	0.10	141174.7	152891.6	161589.8	157191.7	160480.8	2348866.0	2320248.2	2269739.5	2252131.8	2234430.2	19.79										0.58										4										8.0									
160		Betulin M+H MSDIAL			Lipids and lipid-like molecules	Prenol lipids	Triterpenoids	HMDB0036838	Betulin	Prenol Lipids [PR]	Isoprenoids [PR01]	C30 isoprenoids (triterpenes) [PR0106]	LMPR0106140005	Betulin			FVWJYYTZTCVBKE-ROUWMTJPSA-N	C30H50O2	M+H	443.3880	6.0	10.0	12.0	MSMS	20.99	20.99	20.99	0.10	19456.7	13895.3	17226.7	15629.6	17724.3	166642.8	173269.6	172583.7	171560.7	171912.1						20.99										0.64										6										23.7				
161		Quercetin-3-ramnoside M+H MSDIAL			Phenylpropanoids and polyketides	Flavonoids	Flavonoid glycosides	HMDB0033751	Quercitrin								OXGUCUVFOIWWQJ-HQBVPOQASA-N	C21H20O11	M+H	449.1075	10.0	10.0	6.0	MSMS	7.82	7.82	7.82	0.10	57.1	358.0	363.5	190.4	286.6	63559.9	115112.5	122973.9	121766.1	123955.9						7.82										0.80										10										14.4				
162		Quercetin-3-ramnoside M+H MSDIAL			Phenylpropanoids and polyketides	Flavonoids	Flavonoid glycosides	HMDB0033751	Quercitrin								OXGUCUVFOIWWQJ-HQBVPOQASA-N	C21H20O11	M+H	449.1079	10.0	10.0	10.0	MSMS	6.87	6.87	6.87	0.10	519.3	566.3	696.2	1051.3	181.6	96541.2	186066.1	162524.3	217425.7	173327.7						6.87										0.95										10										18.1				
163		Okanin-4'-O-glucoside M+H MSDIAL			Lipids and lipid-like molecules	Fatty Acyls	Fatty alcohols	HMDB0254334	Marein	Polyketides [PR]	Flavonoids [PK12]	Chalcones and dihydrochalcones [PK1212]	LMPK12120156	Marein			XGEYXJDOVMEJNG-HTFDPZBKSA-N	C21H22O11	M+H	451.1226	2.0	10.0	12.0	MSMS	7.30	7.30	7.30	0.10	387.7	261.8	312.3	214.7	174.8	124286.9	155809.3	154641.4	171777.1	173350.6						7.30										0.61										2										11.0				
164		LPE 16:0 M+H Atlas			Lipids and lipid-like molecules	Glycerophospholipids	Glycerophosphoethanolamines	HMDB0011503 --- HMDB0256030	LysoPE(16:0/0:0) --- [3-[2-Aminoethoxy(hydroxy)phosphoryl]oxy-2-hydroxypropyl] hexadecanoate	Glycerophospholipids [GP]	Glycerophosphoethanolamines [GP02]	Monoacylglycerophosphoethanolamines [GP0205]	LMGP02050002	PE(16:0/0:0)	LPE 16:0	LPE 16:0	YVYMBNSKXOXSKW-UHFFFAOYNA-N	C21H44NO7P	M+H	454.2926	1.0	1.0	12.0	MSMS	15.98	15.98	15.98	0.10	3571.7	5354.3	3682.9	4518.7	3466.3	59397.4	63780.3	69297.0	63817.8	63321.6						15.98										0.73										1										58.8				
165		Quercetin 3-galactoside M+H HMDB			Phenylpropanoids and polyketides	Flavonoids	Flavonoid glycosides	HMDB0030775	Quercetin 3-galactoside	Polyketides [PR]	Flavonoids [PK12]	Flavones and Flavonols [PK1211]	LMPK12112041	Hyperin			OVSQVDMCBVZWGM-DTGCRPNFSA-N	C21H20O12	M+H	465.1030	3.0	4.0	12.0	MSMS	7.34	7.34	7.34	0.10	577.0	549.6	1123.8	956.3	465.2	610690.5	848293.4	872658.6	839289.4	852085.4						7.34										0.87										3										32.7				
166		Quercetin-4'-O-glucoside M+H MSDIAL			Phenylpropanoids and polyketides	Flavonoids	Flavonoid glycosides	HMDB0037932	Quercetin 4'-glucoside	Polyketides [PR]	Flavonoids [PK12]	Flavones and Flavonols [PK1211]	LMPK12112184	Spiraeoside			OIUBYZLTFSLSBY-HMGRVEAOSA-N	C21H20O12	M+H	465.1032	4.0	4.0	10.0	MSMS	6.79	6.79	6.79	0.10	301.8	163.1	467.1	0.0	144.2	177327.4	256426.3	309739.2	292709.4	275108.8						6.79										0.89										4										43.1				
167		NCGC00385412-01_C21H32O10_2,4-Pentadienoic acid, 5-[(1R,3S,5R,8S)-3-(beta-D-glucopyranosyloxy)-8-hydroxy-1,5-dimethyl-6-oxabicyclo[3.2.1]oct-8-yl]-3-methyl-, (2Z,4E)- M+Na MSDIAL								Prenol Lipids [PR]	Isoprenoids [PR01]	C15 isoprenoids (sesquiterpenes) [PR0103]	LMPR0103050006	dihydrophaseic acid 4-O-beta-D-glucoside			UHHVHDDICOEBTQ-QCJIOVKVSA-N	C21H32O10	M+Na	467.1906	1.0	1.0	7.0	MSMS	6.07	6.07	6.07	0.10	223.4	391.4	0.0	364.9	192.4	158515.9	165445.0	149965.0	154901.5	153479.7							6.07										0.52										1										13.9			
168		(Z)-2,6-dimethyl-7-(4-methyl-5-oxooxolan-2-yl)-3-[[3,4,5-trihydroxy-6-(hydroxymethyl)oxan-2-yl]oxymethyl]hept-5-enoic acid M+Na MSDIAL															QOIHIEPXTNMSSM-WMZJFQQLSA-N	C21H34O10	M+Na	469.2047	2.0	10.0	12.0	MSMS	7.04	7.04	7.04	0.10	205.6	782.1	537.8	74.2	449.0	92801.6	91436.5	62362.0	90536.9	93440.3								7.04										0.66										2										11.4		
169		HECOGENIN ACETATE M+H MSDIAL															CVKZWRTYHCDWTE-XXJMSXTOSA-N	C29H44O5	M+H	473.3261	7.0	10.0	12.0	MSMS	10.66	10.66	10.66	0.10	236.5	531.2	428.6	758.0	200.5	296369.8	404595.0	410893.3	412773.1	404441.8						10.66										0.82										7										13.2				
170		LPE 18:3 M+H Atlas			Lipids and lipid-like molecules	Glycerophospholipids	Glycerophosphoethanolamines	HMDB0011509	LysoPE(18:3(9Z,12Z,15Z)/0:0)	Glycerophospholipids [GP]	Glycerophosphoethanolamines [GP02]	Monoacylglycerophosphoethanolamines [GP0205]	LMGP02050029	PE(18:3(9Z,12Z,15Z)/0:0)	LPE 18:3	LPE 18:3	NTBBASCGALPTDC-PDBXOOCHNA-N	C23H42NO7P	M+H	476.2768	1.0	1.0	9.0	MSMS	14.15	14.15	14.15	0.10	429.0	548.3	389.9	1170.8	426.3	55439.1	92151.0	90957.3	95428.9	94243.7						14.15										0.76										1										23.7				
171		LPE 18:2 M+H Atlas			Lipids and lipid-like molecules	Glycerophospholipids	Glycerophosphoethanolamines	HMDB0011507	LysoPE(18:2(9Z,12Z)/0:0)	Glycerophospholipids [GP]	Glycerophosphoethanolamines [GP02]	Monoacylglycerophosphoethanolamines [GP0205]	LMGP02050011	PE(18:2(9Z,12Z)/0:0)	LPE 18:2	LPE 18:2	DBHKHNGBVGWQJE-HZJYTTRNNA-N	C23H44NO7P	M+H	478.2929	1.0	1.0	8.0	MSMS	15.04	15.04	15.04	0.10	1430.6	1118.4	1049.3	1209.2	1242.7	32881.7	62456.4	60401.8	58770.0	58742.8						15.04										0.69										1										37.6				
172		22-Hydoxy-2-hopen-1-one M+H+CH3CN MSDIAL															YLKHZBZGHNOEES-LISTXKHRSA-N	C30H48O2	M+H+CH3CN	482.4048	4.0	10.0	12.0	MSMS	19.56	19.56	19.56	0.10	307547.7	297224.6	305300.5	305199.5	291689.1	291009.0	292043.4	282163.1	292792.6	285385.3	19.56										0.64										4										5.9									
173		(1R,2R,4aS,6aS,6bR,10S,12aR,14bS)-1,8,10-trihydroxy-1,2,6a,6b,9,9,12a-heptamethyl-2,3,4,5,6,6a,7,8,8a,10,11,12,13,14b-tetradecahydropicene-4a-carboxylic acid M+H MSDIAL			Lipids and lipid-like molecules	Prenol lipids	Triterpenoids	HMDB0036961	(3beta,6alpha,19alpha)-3,6,19-Trihydroxy-12-ursen-28-oic acid	Prenol Lipids [PR]	Isoprenoids [PR01]	C30 isoprenoids (triterpenes) [PR0106]	LMPR0106180023	3beta,6beta,19alpha-trihydroxy-urs-12-en-28-oic acid			JPGOJQJBPLCRQP-YHJYJCICSA-N	C30H48O5	M+H	489.3575	4.0	10.0	12.0	MSMS	13.94	13.94	13.94	0.10	547.4	783.0	845.8	634.3	440.9	206184.3	196191.7	202314.9	202776.0	205757.2						13.94										0.54										4										120.1				
173	*	ISF of ((1R,2R,4aS,6aS,6bR,10S,12aR,14bS)-1,8,10-trihydroxy-1,2,6a,6b,9,9,12a-heptamethyl-2,3,4,5,6,6a,7,8,8a,10,11,12,13,14b-tetradecahydropicene-4a-carboxylic acid M+H MSDIAL)																		453.3362	3.0		12.0	MS1	13.94	13.94	13.94	0.10	1443.7	1979.6	1762.8	1819.7	1589.5	411506.6	426023.8	435068.9	423366.9	424762.7						13.94										0.64										3										40.4				
173	*	ISF of ((1R,2R,4aS,6aS,6bR,10S,12aR,14bS)-1,8,10-trihydroxy-1,2,6a,6b,9,9,12a-heptamethyl-2,3,4,5,6,6a,7,8,8a,10,11,12,13,14b-tetradecahydropicene-4a-carboxylic acid M+H MSDIAL)																		407.3309	2.0		12.0	MS1	13.94	13.94	13.94	0.10	1074.6	653.1	1306.0	879.6	413.5	173605.9	153165.1	160379.9	161631.1	162988.6						13.94										0.67										2										74.4				
174		(1R,2R,4aS,6aS,6bR,10S,12aR,14bS)-1,8,10-trihydroxy-1,2,6a,6b,9,9,12a-heptamethyl-2,3,4,5,6,6a,7,8,8a,10,11,12,13,14b-tetradecahydropicene-4a-carboxylic acid M+H MSDIAL			Lipids and lipid-like molecules	Prenol lipids	Triterpenoids	HMDB0036961	(3beta,6alpha,19alpha)-3,6,19-Trihydroxy-12-ursen-28-oic acid	Prenol Lipids [PR]	Isoprenoids [PR01]	C30 isoprenoids (triterpenes) [PR0106]	LMPR0106180023	3beta,6beta,19alpha-trihydroxy-urs-12-en-28-oic acid			JPGOJQJBPLCRQP-YHJYJCICSA-N	C30H48O5	M+H	489.3577	7.0	10.0	12.0	MSMS	10.03	10.03	10.03	0.10	0.0	60.2	123.4	169.1	341.7	61575.4	51593.2	65262.3	59688.2	52314.7									10.03										0.67										7										49.5	
175		LDGCC 16:0 M+H Atlas															ANDJVEXQBRPJHM-UHFFFAOYNA-N	C26H51NO7	M+H	490.3738	2.0	2.0	12.0	MSMS	15.49	15.49	15.49	0.10	11570.6	12177.7	11354.5	10855.7	11233.2	13950.2	12393.6	11229.0	11449.5	11810.7				15.49										0.77										2										89.7						
176		PC(16:0/0:0) M+H MSDIAL			Lipids and lipid-like molecules	Glycerophospholipids	Glycerophosphocholines	HMDB0256091	1-Palmitoylphosphatidylcholine	Glycerophospholipids [GP]	Glycerophosphocholines [GP01]	Monoacylglycerophosphocholines [GP0105]	LMGP01050113	PC(16:0/0:0)[rac]	LPC 16:0	LPC 16:0	ASWBNKHCZGQVJV-UHFFFAOYSA-N	C24H50NO7P	M+H	496.3396	4.0	10.0	12.0	MSMS	16.08	16.08	16.08	0.10	4137.8	3944.7	3688.5	3714.3	4357.0	122979.9	133424.0	129803.2	127386.1	126399.3						16.08										0.80										4										64.1				
177		LPC 18:3 M+H MSDIAL			Lipids and lipid-like molecules	Glycerophospholipids	Glycerophosphocholines	HMDB0010387	LysoPC(18:3(6Z,9Z,12Z)/0:0)	Glycerophospholipids [GP]	Glycerophosphocholines [GP01]	Monoacylglycerophosphocholines [GP0105]	LMGP01050128	PC(18:3(6Z,9Z,12Z)/0:0)	LPC 18:3	LPC 18:3	MRTUWVDDQVMUCR-UHFFFAOYSA-N	C26H48NO7P	M+H	518.3243	7.0	10.0	9.0	MSMS	14.23	14.23	14.23	0.10	1509.4	849.7	1242.9	771.9	689.5	163150.1	238239.6	233862.9	243571.7	239497.4						14.23										0.81										7										47.0				
178		LPC 18:2 M+H MSDIAL			Lipids and lipid-like molecules	Glycerophospholipids	Glycerophosphocholines	HMDB0010386	LysoPC(18:2(9Z,12Z)/0:0)	Glycerophospholipids [GP]	Glycerophosphocholines [GP01]	Monoacylglycerophosphocholines [GP0105]	LMGP01050035	PC(18:2(9Z,12Z)/0:0)	LPC 18:2	LPC 18:2	SPJFYYJXNPEZDW-UHFFFAOYSA-N	C26H50NO7P	M+H	520.3389	2.0	10.0	9.0	MSMS	15.12	15.12	15.12	0.10	1528.4	1392.8	2059.2	1825.3	1529.2	61159.5	101630.8	98578.6	97488.2	95294.8						15.12										0.59										2										38.5				
179		LPC 18:1-SN2 M+H Atlas			Lipids and lipid-like molecules	Glycerophospholipids	Glycerophosphocholines	HMDB0002815	LysoPC(18:1(9Z)/0:0)	Glycerophospholipids [GP]	Glycerophosphocholines [GP01]	Monoacylglycerophosphocholines [GP0105]	LMGP01050030 --- LMGP01050032 --- LMGP01050114	PC(18:1(9E)/0:0) --- PC(18:1(9Z)/0:0) --- PC(18:1(9Z)/0:0)[rac]	LPC 18:1	LPC 18:1	YAMUFBLWGFFICM-SEYXRHQNNA-N	C26H52NO7P	M+H	522.3555	2.0	2.0	6.0	MSMS	16.27	16.27	16.27	0.10	1557.1	562.5	1150.0	1678.6	798.0	28145.6	46279.4	45282.4	49369.6	46281.5						16.27										0.82										2										76.0				
180		[(2R,3S,4S,5R,6R)-3,4,5-trihydroxy-6-[2-(3-hydroxy-5-oxooxolan-3-yl)propoxy]oxan-2-yl]methyl (E)-3-(3,4-dihydroxyphenyl)prop-2-enoate M+K MSDIAL															YNPOIPFNQJKGQJ-SALKWGHLSA-N	C22H28O12	M+K	523.1234	2.0	10.0	12.0	MSMS	8.22	8.22	8.22	0.10	0.0	137.4	193.5	280.9	521.6	921847.1	1021861.5	1077360.6	1025567.4	1038801.4						8.22										0.68										2										26.6				
181		LysoPC(0:0/18:0) M+H HMDB			Lipids and lipid-like molecules	Glycerophospholipids	Glycerophosphocholines	HMDB0011128	LysoPC(0:0/18:0)	Glycerophospholipids [GP]	Glycerophosphocholines [GP01]	Monoacylglycerophosphocholines [GP0105]	LMGP01050076	PC(0:0/18:0)	LPC 18:0	LPC 18:0	IQGPMZRCLCCXAG-RUZDIDTESA-N	C26H54NO7P	M+H	524.3709	2.0	6.0	12.0	MSMS	18.06	18.06	18.06	0.10	470.8	1703.9	1071.0	846.0	1473.4	47410.7	45929.1	48090.7	51498.5	50550.6							18.06										0.61										2										32.7			
182		RAFFINOSE M+Na MSDIAL			Organic oxygen compounds	Organooxygen compounds	Carbohydrates and carbohydrate conjugates	HMDB0003213 --- HMDB0034072	Gentianose --- Raffinose								MUPFEKGTMRGPLJ-BQCSWRFHSA-N	C18H32O16	M+Na	527.1581	3.0	6.0	12.0	MSMS	1.31	1.31	1.31	0.10	4262.3	7107.2	8109.0	7981.8	6261.2	154269.8	129691.2	155754.5	159108.6	150802.4							1.31										0.72										3										23.1			
183		Flavone base + 4O, O-MalonylHex M+H MSDIAL			Phenylpropanoids and polyketides	Flavonoids	Flavonoid glycosides	HMDB0303671	Luteolin 7-(6''-malonylglucoside)								RNDGJCZQVKFBPI-UHFFFAOYSA-N	C24H22O14	M+H	535.1083	2.0	9.0	12.0	MSMS	7.56	7.56	7.56	0.10	60.0	56.5	134.0	158.9	0.0	30504.1	21358.6	22811.9	24697.9	22299.6										7.56										0.58										2										9.5
184		phellopterin M+Na MSDIAL			Organic oxygen compounds	Organooxygen compounds	Alcohols and polyols	HMDB0030705	3,4-Di-O-caffeoylquinic acid								UFCLZKMFXSILNL-PSEXTPKNSA-N	C25H24O12	M+Na	539.1180	2.0	10.0	5.0	MSMS	9.26	9.26	9.26	0.10	1022.8	417.5	441.4	568.4	679.9	401951.5	343610.1	338017.2	343302.2	332076.1						9.26										0.64										2										5.2				
185		NCGC00384905-01_C24H40O12_(2R,3E)-4-[(1S,6R)-1-Hydroxy-2,2,6-trimethyl-4-oxocyclohexyl]-3-buten-2-yl 6-O-beta-D-xylopyranosyl-beta-D-glucopyranoside M+Na MSDIAL															IXQBRUSHWUDFSM-RJGCIVIHSA-N	C24H40O12	M+Na	543.2411	1.0	1.0	12.0	MSMS	6.22	6.22	6.22	0.10	214.7	196.3	0.0	452.7	81.2	86674.4	77255.0	91257.4	86359.7	92571.3						6.22										0.51										1										13.2				
186		Flavonol base + 4O, O-MalonylHex M+H MSDIAL			Phenylpropanoids and polyketides	Flavonoids	Flavonoid glycosides	HMDB0037368	Quercetin 3-(6''-malonyl-glucoside)								NBQPHANHNTWDML-UHFFFAOYSA-N	C24H22O15	M+H	551.1032	5.0	9.0	12.0	MSMS	7.60	7.60	7.60	0.10	382.9	337.0	540.9	157.4	161.3	810008.1	828883.6	814459.6	822703.7	879828.2						7.60										0.90										5										98.3				
187		NCGC00385770-01!2-(3,4-dihydroxyphenyl)-5-hydroxy-7-[(2S,3R,4S,5S,6R)-3,4,5-trihydroxy-6-[(3,4,5-trihydroxyoxan-2-yl)oxymethyl]oxan-2-yl]oxychromen-4-one M+H MSDIAL								Polyketides [PR]	Flavonoids [PK12]	Flavones and Flavonols [PK1211]	LMPK12110655 --- LMPK12110709	Luteolin 7-arabinopyranosyl-(1->6)-glucoside --- Luteolin 7-primeveroside			QOYOSTICCWYNER-YCAXZUJKSA-N	C26H28O15	M+H	581.1497	3.0	4.0	12.0	MSMS	7.22	7.22	7.22	0.10	376.5	56.2	128.9	205.0	112.3	526084.9	564177.5	556898.4	552986.2	541591.0						7.22										0.86										3										46.9				
188		Deoxykhivorin M+Na MSDIAL															SUQFMFHTLHMZNM-SLBLICBISA-N	C32H42O9	M+Na	593.2758	1.0	1.0	12.0	MSMS	20.92	20.92	20.92	0.10	2506.4	881.0	2452.4	1578.1	3137.4	1016909.1	1030186.2	1059711.4	1005304.6	1040017.8						20.92										0.53										1										59.3				
189		Biorobin M+H HMDB			Phenylpropanoids and polyketides	Flavonoids	Flavonoid glycosides	HMDB0037574	Biorobin								RTATXGUCZHCSNG-UHFFFAOYSA-N	C27H30O15	M+H	595.1654	6.0	8.0	12.0	MSMS	7.56	7.56	7.56	0.10	224.3	553.2	126.6	710.1	416.9	276652.5	277339.9	257673.2	268053.8	283358.7						7.56										0.91										6										83.7				
190		Vicenin 2 M+H HMDB			Phenylpropanoids and polyketides	Flavonoids	Flavonoid glycosides	HMDB0030708	Vicenin 2								FIAAVMJLAGNUKW-UHFFFAOYSA-N	C27H30O15	M+H	595.1660	6.0	10.0	12.0	MSMS	6.15	6.15	6.15	0.10	580.9	309.7	310.2	423.5	615.6	63589.9	77039.0	72538.5	68371.8	73424.1						6.15										0.68										6										43.0				
191		NCGC00169547-02!3-[3-[(2R,3R,4R)-3,4-dihydroxy-4-(hydroxymethyl)oxolan-2-yl]oxy-4,5-dihydroxy-6-(hydroxymethyl)oxan-2-yl]oxy-2-(3,4-dihydroxyphenyl)-5,7-dihydroxychromen-4-one M+H MSDIAL								Polyketides [PR]	Flavonoids [PK12]	Flavones and Flavonols [PK1211]	LMPK12112042 --- LMPK12112087	Quercetin 3-apiosyl-(1->2)-galactoside --- Quercetin 3-apiosyl-(1->2)-glucoside			QJWRRPPVKXMSJD-VXJOFSGDSA-N	C26H28O16	M+H	597.1456	4.0	10.0	12.0	MSMS	6.79	6.79	6.79	0.10	0.0	192.2	188.0	319.8	224.4	330073.2	360875.6	365569.3	356080.3	353579.0						6.79										0.86										4										100.8				
192		NCGC00384592-01!3-[(2S,3R,4S,5S,6R)-4,5-dihydroxy-6-(hydroxymethyl)-3-[(2S,3R,4S,5R)-3,4,5-trihydroxyoxan-2-yl]oxyoxan-2-yl]oxy-5,7-dihydroxy-2-(4-hydroxyphenyl)chromen-4-one M+Na MSDIAL								Polyketides [PR]	Flavonoids [PK12]	Flavones and Flavonols [PK1211]	LMPK12111729	Leucoside			RXAXTTGJEMODPY-CJNLAGEVSA-N	C26H28O15	M+Na	603.1317	4.0	10.0	12.0	MSMS	7.22	7.22	7.22	0.10	66.3	54.2	122.4	362.6	246.0	137023.5	154971.5	151221.2	142449.2	148960.3						7.22										0.68										4										15.9				
193		DGDG O-9:0_2:0 M+Na Atlas															QXPSBTSKQXVPMM-UHFFFAOYNA-N	C26H48O14	M+Na	607.2928	1.0	2.0	10.0	MSMS	22.46	22.46	22.46	0.10	18076.6	19186.9	15920.5	15900.5	14913.5	29198294.0	29779192.0	29604784.0	28888058.0	28768724.0						22.46										0.55										1										93.3				
194		Rutin M+H HMDB			Phenylpropanoids and polyketides	Flavonoids	Flavonoid glycosides	HMDB0003249	Rutin	Polyketides [PR]	Flavonoids [PK12]	Flavones and Flavonols [PK1211]	LMPK12112098	Rutin			IKGXIBQEEMLURG-NVPNHPEKSA-N	C27H30O16	M+H	611.1606	7.0	7.0	12.0	MSMS	7.10	7.10	7.10	0.10	1293.6	928.5	663.7	1522.9	703.5	2325807.5	2302016.2	2277041.8	2295817.8	2347753.0						7.10										0.94										7										122.3				
195		Peltatoside; LC-ESI-QTOF; MS2; CE M+Na MassBank								Polyketides [PR]	Flavonoids [PK12]	Flavones and Flavonols [PK1211]	LMPK12112089	Quercetin 3-vicianoside			YNMFDPCLPIMRFD-KSPKLRDJSA-N	C26H28O16	M+Na	619.1272	2.0	5.0	12.0	MSMS	6.79	6.79	6.79	0.10	185.5	0.0	143.4	131.4	203.2	152631.9	162908.8	165998.3	160455.0	159816.4						6.79										0.79										2										147.8				
196		Quercetin-3,4'-O-di-beta-glucopyranoside; LC-ESI-QTOF; MS2; CE M+H MassBank			Phenylpropanoids and polyketides	Flavonoids	Biflavonoids and polyflavonoids	HMDB0304730	Quercetin 7,4'-O-diglucoside	Polyketides [PR]	Flavonoids [PK12]	Flavones and Flavonols [PK1211]	LMPK12112104	Quercetin 3,4'-diglucoside			RPVIQWDFJPYNJM-DEFKTLOSSA-N	C27H30O17	M+H	627.1552	2.0	10.0	12.0	MSMS	6.48	6.48	6.48	0.10	0.0	0.0	148.9	58.2	60.7	56189.4	54613.5	40805.3	52365.9	58246.7								6.48										0.75										2										7.9		
197		2-(3,4-dihydroxyphenyl)-5,7-dihydroxy-3-(((2S,3R,4S,5S,6R)-3,4,5-trihydroxy-6-((((3R,4R,5R,6S)-3,4,5-trihydroxy-6-methyltetrahydro-2H-pyran-2-yl)oxy)methyl)tetrahydro-2H-pyran-2-yl)oxy)-4H-chromen-4-one M+Na MSDIAL			Phenylpropanoids and polyketides	Flavonoids	O-methylated flavonoids	HMDB0257021	Quercetin-3-o-rutinose								IKGXIBQEEMLURG-UHFFFAOYSA-N	C27H30O16	M+Na	633.1422	5.0	5.0	12.0	MSMS	7.10	7.10	7.10	0.10	0.0	114.8	240.8	93.3	223.2	237704.8	256896.9	274926.0	262586.9	274718.5						7.10										0.82										5										63.5				
198		NAOrn 19:1/16:0 M+H Atlas															VHBQLSFOGMLEJW-NXVVXOECNA-N	C40H76N2O5	M+H	665.5815	3.0	6.0	12.0	MSMS	20.71	20.71	20.71	0.10	50485.2	49408.8	48899.8	47526.8	47400.2	44383.5	50657.3	43855.3	43990.3	42427.7		20.71										0.60										3										6.3								
199		NCGC00384894-01_C36H58O11_3-(Hexopyranosyloxy)-2,6,23-trihydroxyolean-12-en-28-oic acid M+Na MSDIAL															RXWXPKXKJZHTEJ-GLERXTOPSA-N	C36H58O11	M+Na	689.3870	1.0	1.0	12.0	MSMS	8.55	8.55	8.55	0.10	0.0	392.8	656.7	207.8	345.7	228285.0	223620.9	221370.7	224760.5	235789.7						8.55										0.51										1										37.6				
200		(2R,3R,4R,6aR,6bS,8aR,14bR)-2,3,12-trihydroxy-4,6a,6b,11,11,14b-hexamethyl-8a-[(2S,3R,4S,5S,6R)-3,4,5-trihydroxy-6-(hydroxymethyl)oxan-2-yl]oxycarbonyl-1,2,3,4a,5,6,7,8,9,10,12,12a,14,14a-tetradecahydropicene-4-carboxylic acid M+NH4 MSDIAL															NZNHJGNBLPBNLU-YIKANFTBSA-N	C36H56O12	M+NH4	698.4106	6.0	10.0	12.0	MSMS	9.66	9.66	9.66	0.10	0.0	0.0	244.1	107.5	322.2	120840.8	137139.4	129436.4	110376.1	134820.6									9.66										0.73										6										3.0	
201		NCGC00385360-01_C36H56O12_beta-D-Glucopyranose, 1-O-[(2alpha,3beta,5xi,9xi,18xi)-2,3,19,24-tetrahydroxy-24,28-dioxoolean-12-en-28-yl]- M+Na MSDIAL															NZNHJGNBLPBNLU-YIKANFTBSA-N	C36H56O12	M+Na	703.3665	3.0	5.0	12.0	MSMS	10.66	10.66	10.66	0.10	1565.5	466.3	434.2	651.6	400.1	277214.8	319003.4	312013.6	302860.9	307657.8						10.66										0.75										3										15.9				
202		(2R)-2-[(E)-3-[3-[(1R)-1-carboxy-2-(3,4-dihydroxyphenyl)ethoxy]carbonyl-2-(3,4-dihydroxyphenyl)-7-hydroxy-2,3-dihydro-1-benzofuran-4-yl]prop-2-enoyl]oxy-3-(3,4-dihydroxyphenyl)propanoic acid M+NH4 MSDIAL			Phenylpropanoids and polyketides	2-arylbenzofuran flavonoids		HMDB0242648	Salvianolic acid B								SNKFFCBZYFGCQN-FTNWOIIGSA-N	C36H30O16	M+NH4	736.1871	2.0	10.0	12.0	MSMS	8.63	8.63	8.63	0.10	274.9	485.1	273.1	311.2	295.5	70116.4	70908.2	72216.3	66362.1	66798.3										8.63										0.61										2										8.5
203		(2R)-2-[(E)-3-[3-[(1R)-1-carboxy-2-(3,4-dihydroxyphenyl)ethoxy]carbonyl-2-(3,4-dihydroxyphenyl)-7-hydroxy-2,3-dihydro-1-benzofuran-4-yl]prop-2-enoyl]oxy-3-(3,4-dihydroxyphenyl)propanoic acid M+NH4 MSDIAL			Phenylpropanoids and polyketides	2-arylbenzofuran flavonoids		HMDB0242648	Salvianolic acid B								SNKFFCBZYFGCQN-FTNWOIIGSA-N	C36H30O16	M+NH4	736.1873	2.0	10.0	12.0	MSMS	7.88	7.88	7.88	0.10	98.5	667.9	442.6	777.5	361.0	373700.3	408433.4	417870.4	418203.6	423234.8						7.88										0.59										2										5.7				
204		NCGC00180783-02!5,7-dihydroxy-2-(4-hydroxy-3-methoxyphenyl)-3,6-dimethoxychromen-4-one [IIN-based on: CCMSLIB00000848426] 2M+Na MSDIAL			Phenylpropanoids and polyketides	Flavonoids	O-methylated flavonoids	HMDB0033819	Jaceidin	Polyketides [PR]	Flavonoids [PK12]	Flavones and Flavonols [PK1211]	LMPK12112999	Jaceidin			XUWTZJRCCPNNJR-UHFFFAOYSA-N	C18H16O8	2M+Na	743.1583	1.0	10.0	12.0	MSMS	8.24	8.24	8.24	0.10	244.6	701.2	814.7	1473.2	789.0	2149656.2	2110132.5	2206756.2	2159619.0	2006792.6						8.24										0.58										1										47.7				
205		NCGC00380464-01!3-[(2S,3R,4S,5R,6S)-3,4-dihydroxy-6-methyl-5-[(2S,3R,4S,5S,6R)-3,4,5-trihydroxy-6-(hydroxymethyl)oxan-2-yl]oxyoxan-2-yl]oxy-2-(3,4-dihydroxyphenyl)-5-hydroxy-7-[3,4,5-trihydroxy-6-(hydroxymethyl)oxan-2-yl]oxychromen-4-one M+H MSDIAL															KVODFZNXODDECO-LSSGXCBUSA-N	C33H40O21	M+H	773.2120	3.0	10.0	12.0	MSMS	6.42	6.42	6.42	0.10	382.7	65.7	54.7	52.4	67.4	31219.4	31475.1	26953.3	30798.4	29451.2								6.42										0.70										3										38.1		
206		MGDG 18:3_18:3 M+NH4 Atlas								Glycerolipids [GL]	Glycosyldiradylglycerols [GL05]	Glycosyldiacylglycerols [GL0501]	LMGL05010001 --- LMGL05010065	MGDG(18:3(9Z,12Z,15E)/18:3(9Z,12Z,15E)) --- MGDG(18:3(9Z,12Z,15Z)/18:3(9Z,12Z,15Z))	MGDG 36:6	MGDG 18:3/18:3	QUZHZFAQJATMCA-YTWBPVBXNA-N	C45H74O10	M+NH4	792.5623	2.0	2.0	12.0	MSMS	22.02	22.02	22.02	0.10	3838.0	2376.4	1847.4	2106.6	1564.9	6709.7	1413673.0	1407285.0	1403204.0	1388823.9							22.02										0.59										2										48.3			
207		NCGC00380363-01!8-(2,3-dihydroxy-3-methylbutyl)-5,7-dimethoxy-2-phenyl-2,3-dihydrochromen-4-one [IIN-based on: CCMSLIB00000848735] 2M+Na MSDIAL															SDEUJZQQWGXEEM-UHFFFAOYSA-N	C22H26O6	2M+Na	795.3337	1.0	10.0	12.0	MSMS	12.93	12.93	12.93	0.10	0.0	57.7	163.4	0.0	0.0	11807.1	10434.5	11793.3	11722.7	12170.8								12.93										0.61										1										4046.8		
208		DGDG 16:0_18:3 M+NH4 Atlas								Glycerolipids [GL]	Glycosyldiradylglycerols [GL05]	Glycosyldiacylglycerols [GL0501]	LMGL05010064	DGDG(16:0/18:3(9Z,12Z,15Z))	DGDG 34:3	DGDG 16:0_18:3	WVWINZZVFAFVMJ-SVNQLWEDNA-N	C49H86O15	M+NH4	932.6295	4.0	4.0	12.0	MSMS	23.34	23.34	23.34	0.10	0.0	326.1	478.9	949.0	570.0	1022.4	80970.5	80517.3	80192.9	79695.9							23.34										0.69										4										133.8			
209		DGDG 18:3_18:3 M+NH4 Atlas			Lipids and lipid-like molecules	Glycerolipids	Glycosylglycerols	HMDB0011127	1,2-Di-(9Z,12Z,15Z-octadecatrienoyl)-3-(Galactosyl-alpha-1-6-Galactosyl-beta-1)-glycerol	Glycerolipids [GL]	Glycosyldiradylglycerols [GL05]	Glycosyldiacylglycerols [GL0501]	LMGL05010084	DGDG(18:3(9Z,12Z,15Z)/18:3(9Z,12Z,15Z))	DGDG 36:6	DGDG 18:3/18:3	KDYAPQVYJXUQNY-YTWBPVBXNA-N	C51H84O15	M+NH4	954.6151	2.0	3.0	12.0	MSMS	23.23	23.23	23.23	0.10	0.0	556.3	789.0	545.3	613.0	516051.2	494799.0	494423.0	498666.8	480176.8						23.23										0.56										2										50.3				
210		DGDG 18:2_18:3 M+NH4 Atlas															GKSHYDZIFVNLSS-DYXXURTGNA-N	C51H86O15	M+NH4	956.6298	3.0	4.0	7.0	MSMS	20.75	20.75	20.75	0.10	0.0	0.0	0.0	88.9	0.0	2974.0	141031.3	133399.3	132014.7	131845.4							20.75										0.55										3										39.4			
